{
  "model": "xgboost",
  "source_summary": "artifacts/xgboost_tuning_strict/best_tuning_summary.json",
  "baseline_variant": "baseline",
  "robustness_variant": "drop_listing_history_context",
  "requested_drop_features": [
    "observations_so_far",
    "days_since_first_seen_so_far",
    "first_seen_day_offset"
  ],
  "dropped_features_present_in_model": [
    "observations_so_far",
    "days_since_first_seen_so_far"
  ],
  "baseline_feature_count": 65,
  "robustness_feature_count": 63,
  "quick_mode": false,
  "baseline_cv_summary": {
    "mean_MAE": 36.03749388738671,
    "std_MAE": 4.515060595359312,
    "min_MAE": 31.14901810459927,
    "max_MAE": 42.66379201053794,
    "mean_RMSE": 81.75925193998603,
    "std_RMSE": 15.030586790308247,
    "min_RMSE": 59.89779569099335,
    "max_RMSE": 100.9673266193317,
    "mean_R2": 0.9812871218587209,
    "std_R2": 0.005269236862319716,
    "min_R2": 0.9761899760327805,
    "max_R2": 0.9900989997355135,
    "mean_median_AE": 14.194330596923827,
    "std_median_AE": 0.5361718546368693,
    "min_median_AE": 13.266381835937494,
    "max_median_AE": 14.536364746093746,
    "folds": 4
  },
  "robustness_cv_summary": {
    "mean_MAE": 38.53318721382224,
    "std_MAE": 5.6711998642565815,
    "min_MAE": 31.974103767195462,
    "max_MAE": 46.876065876664924,
    "mean_RMSE": 87.20750337632225,
    "std_RMSE": 17.173069640922996,
    "min_RMSE": 62.01863887718615,
    "max_RMSE": 108.18420943582869,
    "mean_R2": 0.9786386490283401,
    "std_R2": 0.006444789105044657,
    "min_R2": 0.9726645725437886,
    "max_R2": 0.9893854435037233,
    "mean_median_AE": 14.177515792846682,
    "std_median_AE": 0.7682196026714857,
    "min_median_AE": 13.631976318359374,
    "max_median_AE": 15.498077392578125,
    "folds": 4
  }
}