brand,rows,mean_shap,mean_abs_shap
toyota,408,-4.324574984550348,4.3781598615523025
skoda,378,1.23779702560446,1.4194836559018815
vw,414,0.3298035870921459,0.4199018057661025
