model,rows,mean_shap,mean_abs_shap
corolla,408,-3.620305735247193,3.666104598132219
octavia,378,0.9037522309669932,1.1316073541516414
golf,414,0.39886600288067614,0.43942847698988236
