feature_group,mean_abs_shap,mean_shap,feature_count,importance_share
part_taxonomy,330.0443488099671,-99.40660279533354,3,0.8116246799701838
vehicle_age_usage,38.747490753618145,-7.607437477985951,6,0.0952854363237722
traficom_brand_context,17.138093763740095,-6.249293881993035,25,0.04214494178266777
traficom_model_context,16.098663669037695,-5.642053471513216,25,0.039588839486094415
vehicle_identity,3.8351125320104114,-1.7752804203705326,2,0.009431071892810398
part_condition,0.7828069650527808,-0.24634406518422192,2,0.0019250305444715044
