model,fold,train_rows,validation_rows,train_groups,validation_groups,MAE,RMSE,R2,median_AE,target_mean,target_std,prediction_std,n_rows
linear_ridge,1,5965,1989,951,317,52.295767470520964,147.43728034220462,0.9492293480363723,15.82792762093979,295.0064856711915,654.3361901705309,608.2415439628148,1989
linear_ridge,2,5965,1989,951,317,51.4644892095691,163.41640245435178,0.9117979681004204,18.085510072983993,257.87063851181495,550.2453111258035,499.7226803868434,1989
linear_ridge,3,5966,1988,951,317,51.03467736655362,142.14661015310952,0.9442390189036779,16.512252035285826,274.4740442655936,601.9650876511421,614.2800806069358,1988
linear_ridge,4,5966,1988,951,317,60.40207018668697,166.49821512624513,0.924943716632821,16.786597004117347,262.01493963782696,607.737527396807,528.7201610234206,1988
