{
  "model": "linear_ridge",
  "selection_mode": "strict_part_identity_grouped_cv",
  "feature_source": "build_feature_catalog(model_kind='linear')",
  "feature_variant": "trusted_recommended_features_without_listing_dates",
  "config_name": "ridge_alpha_0_05",
  "target_mode": "log",
  "config": {
    "target_mode": "log",
    "config_name": "ridge_alpha_0_05",
    "estimator": "Ridge(alpha=0.05)",
    "onehot_min_frequency": 5
  },
  "feature_count": 66,
  "group_columns": [
    "part_name",
    "brand",
    "model",
    "oem_number"
  ],
  "group_count": 1268,
  "row_count": 7954,
  "cv_summary": {
    "mean_MAE": 53.6445568245006,
    "std_MAE": 2.8210830102502658,
    "min_MAE": 51.26818555296321,
    "max_MAE": 58.394853738555504,
    "mean_RMSE": 152.94044443099767,
    "std_RMSE": 9.999708418769805,
    "min_RMSE": 140.02107348792427,
    "max_RMSE": 163.77158200454141,
    "mean_R2": 0.934321436037141,
    "std_R2": 0.014391156901039382,
    "min_R2": 0.913991990910201,
    "max_R2": 0.9494420245495218,
    "mean_median_AE": 16.555152316155247,
    "std_median_AE": 1.531822791197301,
    "min_median_AE": 14.757591138312357,
    "max_median_AE": 18.985400608945696,
    "folds": 4
  }
}