brand,rows,mean_shap,mean_abs_shap
toyota,408,-3.4053647442988106,3.4455934754310156
skoda,378,1.139004044480571,1.3689215295561574
vw,414,0.27197319169968776,0.4416639203623203
