model,rows,mean_shap,mean_abs_shap
corolla,408,-3.7047412729995095,3.7214025957331778
octavia,378,1.2795453811044843,1.3934083257593197
golf,414,0.34164205584949403,0.435008708593942
