{
  "model": "random_forest",
  "source_summary": "artifacts/random_forest_tuning_strict/best_tuning_summary.json",
  "baseline_variant": "baseline",
  "robustness_variant": "drop_listing_history_context",
  "requested_drop_features": [
    "observations_so_far",
    "days_since_first_seen_so_far",
    "first_seen_day_offset"
  ],
  "dropped_features_present_in_model": [
    "observations_so_far",
    "days_since_first_seen_so_far",
    "first_seen_day_offset"
  ],
  "baseline_feature_count": 66,
  "robustness_feature_count": 63,
  "quick_mode": false,
  "baseline_cv_summary": {
    "mean_MAE": 34.30721464291929,
    "std_MAE": 2.7231437904595883,
    "min_MAE": 30.62994871317547,
    "max_MAE": 37.10566706005709,
    "mean_RMSE": 70.71360340436841,
    "std_RMSE": 9.626555751378378,
    "min_RMSE": 60.32814465494215,
    "max_RMSE": 82.7325062442258,
    "mean_R2": 0.9862227059265446,
    "std_R2": 0.0025519604408994565,
    "min_R2": 0.9837185366407349,
    "max_R2": 0.9899562167902404,
    "mean_median_AE": 12.078760416666476,
    "std_median_AE": 0.6618704440455087,
    "min_median_AE": 11.103499999999059,
    "max_median_AE": 12.69025000000007,
    "folds": 4
  },
  "robustness_cv_summary": {
    "mean_MAE": 35.652841759674004,
    "std_MAE": 2.269102381760748,
    "min_MAE": 32.893133293999824,
    "max_MAE": 38.967030314812405,
    "mean_RMSE": 73.37673667115382,
    "std_RMSE": 8.608948201348058,
    "min_RMSE": 63.83290304543879,
    "max_RMSE": 86.5470290280479,
    "mean_R2": 0.9851767512271861,
    "std_R2": 0.002255750201845692,
    "min_R2": 0.9825054632847828,
    "max_R2": 0.9887553333818556,
    "mean_median_AE": 12.616530543840994,
    "std_median_AE": 0.6502056431687829,
    "min_median_AE": 11.870788371611923,
    "max_median_AE": 13.512301042727644,
    "folds": 4
  }
}