product_id,listing_count,mean_price,median_price,std_price,price_variance,coefficient_of_variation,min_price,max_price,price_range
53935379,6,4616.3,4614.85,14.3236,205.1667,0.0031,4599.7,4641.0,41.3
64483026,6,4616.3,4614.85,14.3236,205.1667,0.0031,4599.7,4641.0,41.3
66544405,6,4385.4667,4384.1,13.6036,185.0589,0.0031,4369.7,4408.9,39.2
65552499,6,4379.5667,4378.2,13.5746,184.2689,0.0031,4363.8,4403.0,39.2
66395040,5,4025.2,4025.6,13.5607,183.892,0.0034,4010.0,4046.0,36.0
63425718,6,4367.75,4366.4,13.5458,183.4892,0.0031,4352.0,4391.1,39.1
65116265,6,4320.3833,4319.05,13.3982,179.5114,0.0031,4304.8,4343.5,38.7
62661162,5,4141.06,4139.1,13.3947,179.4184,0.0032,4127.9,4165.0,37.1
54279403,6,4267.1167,4265.8,13.2333,175.1214,0.0031,4251.7,4289.9,38.2
57343770,6,4261.2,4259.9,13.2218,174.8167,0.0031,4245.8,4284.0,38.2
62801577,6,112.4833,118.2,13.1905,173.9881,0.1173,83.0,119.0,36.0
53429849,6,4213.8667,4212.55,13.0663,170.7289,0.0031,4198.7,4236.4,37.7
59824465,6,4142.8333,4141.55,12.8545,165.2389,0.0031,4127.9,4165.0,37.1
60213093,6,4142.8333,4141.55,12.8545,165.2389,0.0031,4127.9,4165.0,37.1
53368462,6,4095.4833,4094.2,12.7184,161.7581,0.0031,4080.7,4117.4,36.7
58360841,6,4095.4833,4094.2,12.7184,161.7581,0.0031,4080.7,4117.4,36.7
61922680,6,4083.65,4082.4,12.6782,160.7358,0.0031,4068.9,4105.5,36.6
63205720,6,4083.65,4082.4,12.6782,160.7358,0.0031,4068.9,4105.5,36.6
53387859,6,3965.2833,3964.05,12.3109,151.5581,0.0031,3951.0,3986.5,35.5
54025932,6,3965.2833,3964.05,12.3109,151.5581,0.0031,3951.0,3986.5,35.5
60973010,6,3906.1,3904.9,12.1345,147.2467,0.0031,3892.0,3927.0,35.0
62744962,6,3906.1,3904.9,12.1345,147.2467,0.0031,3892.0,3927.0,35.0
64594102,6,3906.1,3904.9,12.1345,147.2467,0.0031,3892.0,3927.0,35.0
57712714,6,3787.7333,3786.55,11.7382,137.7856,0.0031,3774.1,3808.0,33.9
58737655,6,3767.0167,3765.85,11.7095,137.1114,0.0031,3753.4,3787.2,33.8
59140483,6,3670.8667,3672.75,11.449,131.0789,0.0031,3656.1,3689.0,32.9
63352462,6,3670.8667,3672.75,11.449,131.0789,0.0031,3656.1,3689.0,32.9
56939596,6,3659.0333,3660.9,11.4165,130.3356,0.0031,3644.3,3677.1,32.8
53605194,6,3552.45,3554.25,11.074,122.6325,0.0031,3538.2,3570.0,31.8
53848511,6,3552.45,3554.25,11.074,122.6325,0.0031,3538.2,3570.0,31.8
54417791,6,3551.0,3549.9,11.0182,121.4,0.0031,3538.2,3570.0,31.8
59673805,6,3542.1167,3541.0,11.0007,121.0147,0.0031,3529.3,3561.1,31.8
54228590,6,3515.4833,3514.4,10.9123,119.0781,0.0031,3502.8,3534.3,31.5
54417788,6,3432.6333,3431.55,10.6509,113.4422,0.0031,3420.3,3451.0,30.7
58738183,6,3317.2333,3316.25,10.3061,106.2156,0.0031,3305.2,3335.0,29.8
59269879,6,3049.2167,3050.75,9.5113,90.4647,0.0031,3037.0,3064.3,27.3
59131981,6,2960.3833,2961.9,9.2314,85.2181,0.0031,2948.5,2975.0,26.5
62404956,6,2960.3833,2961.9,9.2314,85.2181,0.0031,2948.5,2975.0,26.5
63305358,6,2960.3833,2961.9,9.2314,85.2181,0.0031,2948.5,2975.0,26.5
65097247,6,2960.3833,2961.9,9.2314,85.2181,0.0031,2948.5,2975.0,26.5
54054788,3,3499.5,3499.3,8.9009,79.2267,0.0025,3488.7,3510.5,21.8
63021622,2,3899.6,3899.6,7.6,57.76,0.0019,3892.0,3907.2,15.2
53593156,6,2367.3333,2366.6,7.3454,53.9556,0.0031,2358.8,2380.0,21.2
54481797,6,2367.3333,2366.6,7.3454,53.9556,0.0031,2358.8,2380.0,21.2
55801303,6,2367.3333,2366.6,7.3454,53.9556,0.0031,2358.8,2380.0,21.2
62191263,6,2367.3333,2366.6,7.3454,53.9556,0.0031,2358.8,2380.0,21.2
54241390,6,2314.05,2313.35,7.1691,51.3958,0.0031,2305.7,2326.4,20.7
53490848,6,2296.3,2295.6,7.1337,50.89,0.0031,2288.0,2308.6,20.6
53463140,6,2237.1333,2236.45,6.938,48.1356,0.0031,2229.1,2249.1,20.0
53593831,6,2130.6,2129.95,6.6255,43.8967,0.0031,2122.9,2142.0,19.1
53997371,6,2130.6,2129.95,6.6255,43.8967,0.0031,2122.9,2142.0,19.1
54025922,6,2130.6,2129.95,6.6255,43.8967,0.0031,2122.9,2142.0,19.1
66541683,6,2130.6,2129.95,6.6255,43.8967,0.0031,2122.9,2142.0,19.1
63158314,6,2012.2333,2011.6,6.2291,38.8022,0.0031,2005.0,2023.0,18.0
58672402,6,1953.05,1952.45,6.0528,36.6358,0.0031,1946.0,1963.5,17.5
59207247,6,1809.95,1809.35,5.6091,31.4625,0.0031,1803.4,1819.6,16.2
64496754,6,1775.5,1774.95,5.5091,30.35,0.0031,1769.1,1785.0,15.9
56321370,6,1420.9833,1421.7,4.4138,19.4814,0.0031,1415.3,1428.0,12.7
60987037,6,1420.9833,1421.7,4.4138,19.4814,0.0031,1415.3,1428.0,12.7
54137921,6,1361.7667,1362.45,4.237,17.9522,0.0031,1356.3,1368.5,12.2
58540693,6,1361.7667,1362.45,4.237,17.9522,0.0031,1356.3,1368.5,12.2
65209258,6,1349.9333,1350.65,4.2015,17.6522,0.0031,1344.5,1356.6,12.1
62769932,6,1302.55,1303.2,4.0603,16.4858,0.0031,1297.3,1309.0,11.7
66730848,5,1183.6,1182.6,4.02,16.16,0.0034,1179.4,1190.0,10.6
56279319,6,1184.15,1184.75,3.6913,13.6258,0.0031,1179.4,1190.0,10.6
65151015,6,1184.15,1184.75,3.6913,13.6258,0.0031,1179.4,1190.0,10.6
65580880,6,1183.6667,1183.3,3.6727,13.4889,0.0031,1179.4,1190.0,10.6
66413259,6,1183.6667,1183.3,3.6727,13.4889,0.0031,1179.4,1190.0,10.6
65148479,5,1065.5,1065.6,3.5878,12.872,0.0034,1061.5,1071.0,9.5
61905395,6,1102.45,1103.0,3.4471,11.8825,0.0031,1098.0,1107.9,9.9
56162775,6,1100.8,1100.45,3.4307,11.77,0.0031,1096.8,1106.7,9.9
58360868,6,1094.8833,1094.55,3.4193,11.6914,0.0031,1090.9,1100.8,9.9
54137927,6,1089.4167,1090.0,3.4115,11.6381,0.0031,1085.0,1094.8,9.8
61156102,6,1085.5833,1086.15,3.3791,11.4181,0.0031,1081.2,1090.9,9.7
55233937,6,1065.3,1064.95,3.3056,10.9267,0.0031,1061.5,1071.0,9.5
59077369,6,1065.3,1064.95,3.3056,10.9267,0.0031,1061.5,1071.0,9.5
59381610,6,1065.3,1064.95,3.3056,10.9267,0.0031,1061.5,1071.0,9.5
63451851,6,1065.3,1064.95,3.3056,10.9267,0.0031,1061.5,1071.0,9.5
54232530,6,1036.1333,1036.65,3.2397,10.4956,0.0031,1032.0,1041.3,9.3
57067071,5,947.1,947.2,3.2087,10.296,0.0034,943.5,952.0,8.5
53407578,6,1006.1167,1005.8,3.1291,9.7914,0.0031,1002.5,1011.5,9.0
66413511,6,1006.1167,1005.8,3.1291,9.7914,0.0031,1002.5,1011.5,9.0
53407905,6,958.75,958.45,2.9815,8.8892,0.0031,955.3,963.9,8.6
53996296,6,947.3167,947.8,2.969,8.8147,0.0031,943.5,952.0,8.5
54010499,6,947.3167,947.8,2.969,8.8147,0.0031,943.5,952.0,8.5
60793089,6,947.3167,947.8,2.969,8.8147,0.0031,943.5,952.0,8.5
53376928,6,946.9333,946.65,2.9528,8.7189,0.0031,943.5,952.0,8.5
53853245,6,946.9333,946.65,2.9528,8.7189,0.0031,943.5,952.0,8.5
58491195,6,946.9333,946.65,2.9528,8.7189,0.0031,943.5,952.0,8.5
59913951,6,946.9333,946.65,2.9528,8.7189,0.0031,943.5,952.0,8.5
60522419,6,946.9333,946.65,2.9528,8.7189,0.0031,943.5,952.0,8.5
60974455,6,946.9333,946.65,2.9528,8.7189,0.0031,943.5,952.0,8.5
53368241,6,923.6167,924.1,2.8922,8.3647,0.0031,919.9,928.2,8.3
66739627,5,828.94,829.9,2.8161,7.9304,0.0034,825.6,833.0,7.4
53815272,6,905.4833,905.25,2.8068,7.8781,0.0031,902.2,910.3,8.1
53365106,6,899.5667,899.3,2.8052,7.8689,0.0031,896.3,904.4,8.1
59692172,6,898.8333,899.25,2.7992,7.8356,0.0031,895.2,903.3,8.1
53403606,6,828.5667,828.3,2.5565,6.5356,0.0031,825.6,833.0,7.4
62058588,6,828.5667,828.3,2.5565,6.5356,0.0031,825.6,833.0,7.4
62527580,6,828.5667,828.3,2.5565,6.5356,0.0031,825.6,833.0,7.4
58926177,3,1458.6333,1457.1,2.5303,6.4022,0.0017,1456.6,1462.2,5.6
65150963,3,1417.3,1415.8,2.4833,6.1667,0.0018,1415.3,1420.8,5.5
64935321,6,769.7,770.1,2.3944,5.7333,0.0031,766.6,773.5,6.9
61156018,3,1346.4333,1345.0,2.3893,5.7089,0.0018,1344.5,1349.8,5.3
57028353,4,1222.025,1221.45,2.2797,5.1969,0.0019,1219.5,1225.7,6.2
57887357,4,1222.025,1221.45,2.2797,5.1969,0.0019,1219.5,1225.7,6.2
62135565,6,710.4833,710.85,2.2177,4.9181,0.0031,707.6,714.0,6.4
64592399,6,710.4833,710.85,2.2177,4.9181,0.0031,707.6,714.0,6.4
64929292,6,710.4833,710.85,2.2177,4.9181,0.0031,707.6,714.0,6.4
65400022,6,710.4833,710.85,2.2177,4.9181,0.0031,707.6,714.0,6.4
66210961,6,710.4833,710.85,2.2177,4.9181,0.0031,707.6,714.0,6.4
60785799,4,1186.425,1185.85,2.2118,4.8919,0.0019,1184.0,1190.0,6.0
54214832,6,669.0667,669.4,2.087,4.3556,0.0031,666.4,672.4,6.0
54284957,6,669.0667,669.4,2.087,4.3556,0.0031,666.4,672.4,6.0
54222147,5,609.72,609.8,2.0682,4.2776,0.0034,607.4,612.9,5.5
53889068,6,651.2833,651.6,2.0194,4.0781,0.0031,648.7,654.5,5.8
54129716,6,651.2833,651.6,2.0194,4.0781,0.0031,648.7,654.5,5.8
54672150,6,651.2833,651.6,2.0194,4.0781,0.0031,648.7,654.5,5.8
56989378,6,639.4333,639.8,2.0055,4.0222,0.0031,636.8,642.6,5.8
54270529,6,609.6,609.4,1.907,3.6367,0.0031,607.4,612.9,5.5
60055306,6,609.6,609.4,1.907,3.6367,0.0031,607.4,612.9,5.5
61918245,6,601.8167,602.1,1.8845,3.5514,0.0031,599.4,604.8,5.4
53607268,6,592.0833,592.4,1.8488,3.4181,0.0031,589.7,595.0,5.3
60058879,6,592.0833,592.4,1.8488,3.4181,0.0031,589.7,595.0,5.3
63026248,6,592.0833,592.4,1.8488,3.4181,0.0031,589.7,595.0,5.3
63127022,6,592.0833,592.4,1.8488,3.4181,0.0031,589.7,595.0,5.3
65107261,6,592.0833,592.4,1.8488,3.4181,0.0031,589.7,595.0,5.3
65250408,6,592.0833,592.4,1.8488,3.4181,0.0031,589.7,595.0,5.3
65309287,6,592.0833,592.4,1.8488,3.4181,0.0031,589.7,595.0,5.3
65399936,6,592.0833,592.4,1.8488,3.4181,0.0031,589.7,595.0,5.3
65434802,6,592.0833,592.4,1.8488,3.4181,0.0031,589.7,595.0,5.3
65680819,6,592.0833,592.4,1.8488,3.4181,0.0031,589.7,595.0,5.3
66220344,6,592.0833,592.4,1.8488,3.4181,0.0031,589.7,595.0,5.3
66223587,6,592.0833,592.4,1.8488,3.4181,0.0031,589.7,595.0,5.3
66424831,6,592.0833,592.4,1.8488,3.4181,0.0031,589.7,595.0,5.3
53938228,6,591.8333,591.65,1.8364,3.3722,0.0031,589.7,595.0,5.3
54433079,6,591.8333,591.65,1.8364,3.3722,0.0031,589.7,595.0,5.3
63356798,6,591.8333,591.65,1.8364,3.3722,0.0031,589.7,595.0,5.3
63199755,5,532.62,532.2,1.817,3.3016,0.0034,530.7,535.5,4.8
66447576,6,562.4667,562.8,1.7461,3.0489,0.0031,560.2,565.2,5.0
63083764,6,544.7,544.95,1.7078,2.9167,0.0031,542.5,547.4,4.9
60058715,6,532.8667,533.15,1.672,2.7956,0.0031,530.7,535.5,4.8
61070893,6,532.8667,533.15,1.672,2.7956,0.0031,530.7,535.5,4.8
63047746,6,532.8667,533.15,1.672,2.7956,0.0031,530.7,535.5,4.8
65257613,6,532.8667,533.15,1.672,2.7956,0.0031,530.7,535.5,4.8
66424690,6,532.8667,533.15,1.672,2.7956,0.0031,530.7,535.5,4.8
62754570,6,532.65,532.5,1.6601,2.7558,0.0031,530.7,535.5,4.8
63372062,6,532.65,532.5,1.6601,2.7558,0.0031,530.7,535.5,4.8
64675808,6,532.65,532.5,1.6601,2.7558,0.0031,530.7,535.5,4.8
65138597,6,532.65,532.5,1.6601,2.7558,0.0031,530.7,535.5,4.8
54223147,3,610.9333,610.9,1.5923,2.5356,0.0026,609.0,612.9,3.9
61721306,6,506.2333,506.5,1.5628,2.4422,0.0031,504.2,508.7,4.5
61751538,6,506.2333,506.5,1.5628,2.4422,0.0031,504.2,508.7,4.5
66456417,6,506.2333,506.5,1.5628,2.4422,0.0031,504.2,508.7,4.5
61766032,6,494.95,495.2,1.5414,2.3758,0.0031,493.0,497.4,4.4
66547815,6,494.95,495.2,1.5414,2.3758,0.0031,493.0,497.4,4.4
54280175,6,485.5,485.75,1.5067,2.27,0.0031,483.6,487.9,4.3
54292142,6,485.5,485.75,1.5067,2.27,0.0031,483.6,487.9,4.3
56974726,6,485.5,485.75,1.5067,2.27,0.0031,483.6,487.9,4.3
57597013,6,485.5,485.75,1.5067,2.27,0.0031,483.6,487.9,4.3
59309175,6,485.5,485.75,1.5067,2.27,0.0031,483.6,487.9,4.3
53417014,6,473.6667,473.9,1.4738,2.1722,0.0031,471.8,476.0,4.2
53445888,6,473.6667,473.9,1.4738,2.1722,0.0031,471.8,476.0,4.2
54040619,6,473.6667,473.9,1.4738,2.1722,0.0031,471.8,476.0,4.2
54040892,6,473.6667,473.9,1.4738,2.1722,0.0031,471.8,476.0,4.2
54041498,6,473.6667,473.9,1.4738,2.1722,0.0031,471.8,476.0,4.2
54042626,6,473.6667,473.9,1.4738,2.1722,0.0031,471.8,476.0,4.2
54047336,6,473.6667,473.9,1.4738,2.1722,0.0031,471.8,476.0,4.2
54069029,6,473.6667,473.9,1.4738,2.1722,0.0031,471.8,476.0,4.2
54069056,6,473.6667,473.9,1.4738,2.1722,0.0031,471.8,476.0,4.2
54672182,6,473.6667,473.9,1.4738,2.1722,0.0031,471.8,476.0,4.2
62999040,6,473.6667,473.9,1.4738,2.1722,0.0031,471.8,476.0,4.2
63020235,6,473.6667,473.9,1.4738,2.1722,0.0031,471.8,476.0,4.2
63125499,6,473.6667,473.9,1.4738,2.1722,0.0031,471.8,476.0,4.2
63464449,6,473.6667,473.9,1.4738,2.1722,0.0031,471.8,476.0,4.2
64546679,6,473.6667,473.9,1.4738,2.1722,0.0031,471.8,476.0,4.2
64592441,6,473.6667,473.9,1.4738,2.1722,0.0031,471.8,476.0,4.2
65459574,6,473.6667,473.9,1.4738,2.1722,0.0031,471.8,476.0,4.2
53985126,6,473.4667,473.3,1.4693,2.1589,0.0031,471.8,476.0,4.2
54036564,6,473.4667,473.3,1.4693,2.1589,0.0031,471.8,476.0,4.2
54044560,6,473.4667,473.3,1.4693,2.1589,0.0031,471.8,476.0,4.2
54048685,6,473.4667,473.3,1.4693,2.1589,0.0031,471.8,476.0,4.2
54061937,6,473.4667,473.3,1.4693,2.1589,0.0031,471.8,476.0,4.2
57338381,6,473.4667,473.3,1.4693,2.1589,0.0031,471.8,476.0,4.2
59328519,6,473.4667,473.3,1.4693,2.1589,0.0031,471.8,476.0,4.2
63589705,6,473.4667,473.3,1.4693,2.1589,0.0031,471.8,476.0,4.2
66440187,6,473.4667,473.3,1.4693,2.1589,0.0031,471.8,476.0,4.2
53432419,6,449.8,449.65,1.3988,1.9567,0.0031,448.2,452.2,4.0
53458214,6,449.8,449.65,1.3988,1.9567,0.0031,448.2,452.2,4.0
53472320,6,449.8,449.65,1.3988,1.9567,0.0031,448.2,452.2,4.0
53500718,6,449.8,449.65,1.3988,1.9567,0.0031,448.2,452.2,4.0
56744090,6,449.8,449.65,1.3988,1.9567,0.0031,448.2,452.2,4.0
59734341,6,449.8,449.65,1.3988,1.9567,0.0031,448.2,452.2,4.0
54137955,6,438.1333,438.35,1.3646,1.8622,0.0031,436.4,440.3,3.9
63620454,5,402.52,402.6,1.3615,1.8536,0.0034,401.0,404.6,3.6
64797981,4,426.7,426.9,1.3601,1.85,0.0032,424.6,428.4,3.8
65711229,6,436.7667,436.65,1.3585,1.8456,0.0031,435.2,439.1,3.9
54483157,6,437.9667,437.85,1.3585,1.8456,0.0031,436.4,440.3,3.9
60073930,6,426.1167,425.95,1.3334,1.7781,0.0031,424.6,428.4,3.8
54218581,6,426.1,425.95,1.3216,1.7467,0.0031,424.6,428.4,3.8
54398358,6,426.1,425.95,1.3216,1.7467,0.0031,424.6,428.4,3.8
54429604,6,426.1,425.95,1.3216,1.7467,0.0031,424.6,428.4,3.8
54447678,6,426.1,425.95,1.3216,1.7467,0.0031,424.6,428.4,3.8
58798477,6,426.1,425.95,1.3216,1.7467,0.0031,424.6,428.4,3.8
59757960,6,426.1,425.95,1.3216,1.7467,0.0031,424.6,428.4,3.8
54666191,6,414.45,414.65,1.2971,1.6825,0.0031,412.8,416.5,3.7
55173603,6,414.45,414.65,1.2971,1.6825,0.0031,412.8,416.5,3.7
59259235,6,414.45,414.65,1.2971,1.6825,0.0031,412.8,416.5,3.7
60188260,6,414.45,414.65,1.2971,1.6825,0.0031,412.8,416.5,3.7
63305368,6,414.45,414.65,1.2971,1.6825,0.0031,412.8,416.5,3.7
63350257,6,414.45,414.65,1.2971,1.6825,0.0031,412.8,416.5,3.7
64546427,6,414.45,414.65,1.2971,1.6825,0.0031,412.8,416.5,3.7
64546672,6,414.45,414.65,1.2971,1.6825,0.0031,412.8,416.5,3.7
65151598,6,414.45,414.65,1.2971,1.6825,0.0031,412.8,416.5,3.7
65680830,6,414.45,414.65,1.2971,1.6825,0.0031,412.8,416.5,3.7
53932799,6,414.2833,414.15,1.2928,1.6714,0.0031,412.8,416.5,3.7
54055672,6,414.2833,414.15,1.2928,1.6714,0.0031,412.8,416.5,3.7
54055876,6,414.2833,414.15,1.2928,1.6714,0.0031,412.8,416.5,3.7
62701480,6,414.2833,414.15,1.2928,1.6714,0.0031,412.8,416.5,3.7
62896866,6,414.2833,414.15,1.2928,1.6714,0.0031,412.8,416.5,3.7
63197509,6,414.2833,414.15,1.2928,1.6714,0.0031,412.8,416.5,3.7
66432442,6,414.2833,414.15,1.2928,1.6714,0.0031,412.8,416.5,3.7
66459895,6,414.2833,414.15,1.2928,1.6714,0.0031,412.8,416.5,3.7
56026114,6,402.6167,402.85,1.2615,1.5914,0.0031,401.0,404.6,3.6
60721444,6,402.45,402.35,1.2527,1.5692,0.0031,401.0,404.6,3.6
65126978,6,402.45,402.35,1.2527,1.5692,0.0031,401.0,404.6,3.6
54398390,5,426.4,426.2,1.2474,1.556,0.0029,424.7,428.4,3.7
54440014,3,474.5,474.5,1.2247,1.5,0.0026,473.0,476.0,3.0
65781920,6,393.75,393.95,1.2203,1.4892,0.0031,392.2,395.7,3.5
66402915,6,393.75,393.95,1.2203,1.4892,0.0031,392.2,395.7,3.5
65114104,6,390.6,390.5,1.2111,1.4667,0.0031,389.2,392.7,3.5
63350083,6,378.9333,379.15,1.194,1.4256,0.0032,377.4,380.8,3.4
62657264,6,378.7667,378.65,1.187,1.4089,0.0031,377.4,380.8,3.4
65869207,6,378.7667,378.65,1.187,1.4089,0.0031,377.4,380.8,3.4
53367213,6,366.9167,366.8,1.1452,1.3114,0.0031,365.6,368.9,3.3
54245153,6,366.9167,366.8,1.1452,1.3114,0.0031,365.6,368.9,3.3
54253106,6,366.9167,366.8,1.1452,1.3114,0.0031,365.6,368.9,3.3
55170665,6,366.9167,366.8,1.1452,1.3114,0.0031,365.6,368.9,3.3
61787665,6,366.9167,366.8,1.1452,1.3114,0.0031,365.6,368.9,3.3
53398890,6,355.2333,355.4,1.1205,1.2556,0.0032,353.8,357.0,3.2
63350267,6,355.2333,355.4,1.1205,1.2556,0.0032,353.8,357.0,3.2
64546406,6,355.2333,355.4,1.1205,1.2556,0.0032,353.8,357.0,3.2
65399938,6,355.2333,355.4,1.1205,1.2556,0.0032,353.8,357.0,3.2
66223983,6,355.2333,355.4,1.1205,1.2556,0.0032,353.8,357.0,3.2
66434290,6,355.2333,355.4,1.1205,1.2556,0.0032,353.8,357.0,3.2
54315789,6,362.2,362.1,1.1165,1.2467,0.0031,360.9,364.1,3.2
53420634,6,355.1,355.0,1.1165,1.2467,0.0031,353.8,357.0,3.2
53840962,6,355.1,355.0,1.1165,1.2467,0.0031,353.8,357.0,3.2
53858012,6,355.1,355.0,1.1165,1.2467,0.0031,353.8,357.0,3.2
53894970,6,355.1,355.0,1.1165,1.2467,0.0031,353.8,357.0,3.2
53894983,6,355.1,355.0,1.1165,1.2467,0.0031,353.8,357.0,3.2
53905737,6,355.1,355.0,1.1165,1.2467,0.0031,353.8,357.0,3.2
54035214,6,355.1,355.0,1.1165,1.2467,0.0031,353.8,357.0,3.2
54069568,6,355.1,355.0,1.1165,1.2467,0.0031,353.8,357.0,3.2
54487372,6,355.1,355.0,1.1165,1.2467,0.0031,353.8,357.0,3.2
54582425,6,355.1,355.0,1.1165,1.2467,0.0031,353.8,357.0,3.2
54669113,6,355.1,355.0,1.1165,1.2467,0.0031,353.8,357.0,3.2
56915273,6,355.1,355.0,1.1165,1.2467,0.0031,353.8,357.0,3.2
60228190,6,355.1,355.0,1.1165,1.2467,0.0031,353.8,357.0,3.2
60226014,5,319.56,319.3,1.1056,1.2224,0.0035,318.4,321.3,2.9
63083525,6,343.4,343.6,1.0847,1.1767,0.0032,342.0,345.1,3.1
53859698,6,343.2667,343.2,1.0765,1.1589,0.0031,342.0,345.1,3.1
66546356,6,337.45,337.6,1.0532,1.1092,0.0031,336.1,339.1,3.0
62564689,6,337.3333,337.25,1.0467,1.0956,0.0031,336.1,339.1,3.0
56326691,6,331.5333,331.7,1.0435,1.0889,0.0031,330.2,333.2,3.0
66209839,6,331.5333,331.7,1.0435,1.0889,0.0031,330.2,333.2,3.0
64528096,3,590.5333,589.9,1.0403,1.0822,0.0018,589.7,592.0,2.3
54403966,6,319.7167,319.9,1.0172,1.0347,0.0032,318.4,321.3,2.9
65434864,6,319.7167,319.9,1.0172,1.0347,0.0032,318.4,321.3,2.9
65806379,6,319.7167,319.9,1.0172,1.0347,0.0032,318.4,321.3,2.9
53371576,6,319.5833,319.5,1.0106,1.0214,0.0032,318.4,321.3,2.9
63021001,6,319.5833,319.5,1.0106,1.0214,0.0032,318.4,321.3,2.9
64496424,6,319.5833,319.5,1.0106,1.0214,0.0032,318.4,321.3,2.9
53523674,5,331.64,331.5,0.9749,0.9504,0.0029,330.3,333.2,2.9
57733393,5,331.64,331.5,0.9749,0.9504,0.0029,330.3,333.2,2.9
54223177,6,307.7333,307.65,0.969,0.9389,0.0031,306.6,309.4,2.8
54244809,6,307.7333,307.65,0.969,0.9389,0.0031,306.6,309.4,2.8
54245168,6,307.7333,307.65,0.969,0.9389,0.0031,306.6,309.4,2.8
54247541,6,307.7333,307.65,0.969,0.9389,0.0031,306.6,309.4,2.8
54253076,6,307.7333,307.65,0.969,0.9389,0.0031,306.6,309.4,2.8
54253079,6,307.7333,307.65,0.969,0.9389,0.0031,306.6,309.4,2.8
54263144,6,307.7333,307.65,0.969,0.9389,0.0031,306.6,309.4,2.8
59823602,6,307.7333,307.65,0.969,0.9389,0.0031,306.6,309.4,2.8
59823603,6,307.7333,307.65,0.969,0.9389,0.0031,306.6,309.4,2.8
66431289,6,307.7333,307.65,0.969,0.9389,0.0031,306.6,309.4,2.8
54315884,6,301.8167,301.75,0.9406,0.8847,0.0031,300.7,303.4,2.7
53713033,6,296.0333,296.2,0.9195,0.8456,0.0031,294.9,297.5,2.6
54521427,6,296.0333,296.2,0.9195,0.8456,0.0031,294.9,297.5,2.6
54668815,6,296.0333,296.2,0.9195,0.8456,0.0031,294.9,297.5,2.6
59131986,6,296.0333,296.2,0.9195,0.8456,0.0031,294.9,297.5,2.6
59140468,6,296.0333,296.2,0.9195,0.8456,0.0031,294.9,297.5,2.6
60058723,6,296.0333,296.2,0.9195,0.8456,0.0031,294.9,297.5,2.6
60496432,6,296.0333,296.2,0.9195,0.8456,0.0031,294.9,297.5,2.6
61076256,6,296.0333,296.2,0.9195,0.8456,0.0031,294.9,297.5,2.6
61094461,6,296.0333,296.2,0.9195,0.8456,0.0031,294.9,297.5,2.6
63041911,6,296.0333,296.2,0.9195,0.8456,0.0031,294.9,297.5,2.6
63310210,6,296.0333,296.2,0.9195,0.8456,0.0031,294.9,297.5,2.6
63350256,6,296.0333,296.2,0.9195,0.8456,0.0031,294.9,297.5,2.6
63350268,6,296.0333,296.2,0.9195,0.8456,0.0031,294.9,297.5,2.6
63461617,6,296.0333,296.2,0.9195,0.8456,0.0031,294.9,297.5,2.6
64546407,6,296.0333,296.2,0.9195,0.8456,0.0031,294.9,297.5,2.6
64597454,6,296.0333,296.2,0.9195,0.8456,0.0031,294.9,297.5,2.6
64976681,6,296.0333,296.2,0.9195,0.8456,0.0031,294.9,297.5,2.6
65399928,6,296.0333,296.2,0.9195,0.8456,0.0031,294.9,297.5,2.6
65680788,6,296.0333,296.2,0.9195,0.8456,0.0031,294.9,297.5,2.6
65865835,6,296.0333,296.2,0.9195,0.8456,0.0031,294.9,297.5,2.6
66223598,6,296.0333,296.2,0.9195,0.8456,0.0031,294.9,297.5,2.6
66394997,6,296.0333,296.2,0.9195,0.8456,0.0031,294.9,297.5,2.6
53430480,6,295.9167,295.85,0.91,0.8281,0.0031,294.9,297.5,2.6
53520567,6,295.9167,295.85,0.91,0.8281,0.0031,294.9,297.5,2.6
53989464,6,295.9167,295.85,0.91,0.8281,0.0031,294.9,297.5,2.6
53998555,6,295.9167,295.85,0.91,0.8281,0.0031,294.9,297.5,2.6
54017432,6,295.9167,295.85,0.91,0.8281,0.0031,294.9,297.5,2.6
54027520,6,295.9167,295.85,0.91,0.8281,0.0031,294.9,297.5,2.6
54037329,6,295.9167,295.85,0.91,0.8281,0.0031,294.9,297.5,2.6
54683089,6,295.9167,295.85,0.91,0.8281,0.0031,294.9,297.5,2.6
57336307,6,295.9167,295.85,0.91,0.8281,0.0031,294.9,297.5,2.6
58994403,6,295.9167,295.85,0.91,0.8281,0.0031,294.9,297.5,2.6
60048809,6,295.9167,295.85,0.91,0.8281,0.0031,294.9,297.5,2.6
64251591,6,295.9167,295.85,0.91,0.8281,0.0031,294.9,297.5,2.6
64594097,6,295.9167,295.85,0.91,0.8281,0.0031,294.9,297.5,2.6
65059339,6,295.9167,295.85,0.91,0.8281,0.0031,294.9,297.5,2.6
65398550,6,295.9167,295.85,0.91,0.8281,0.0031,294.9,297.5,2.6
66430359,6,295.9167,295.85,0.91,0.8281,0.0031,294.9,297.5,2.6
54501220,5,272.24,272.0,0.9047,0.8184,0.0033,271.3,273.7,2.4
64047277,3,355.9,355.9,0.8981,0.8067,0.0025,354.8,357.0,2.2
53938689,6,290.0167,289.9,0.8971,0.8047,0.0031,289.0,291.6,2.6
53938690,6,290.0167,289.9,0.8971,0.8047,0.0031,289.0,291.6,2.6
54309282,5,302.04,301.9,0.8732,0.7624,0.0029,300.8,303.4,2.6
53503260,6,284.1,284.0,0.8679,0.7533,0.0031,283.1,285.6,2.5
53503261,6,284.1,284.0,0.8679,0.7533,0.0031,283.1,285.6,2.5
62767166,6,284.1,284.0,0.8679,0.7533,0.0031,283.1,285.6,2.5
60059054,6,284.2167,284.35,0.8668,0.7514,0.003,283.1,285.6,2.5
54109610,3,408.1667,408.5,0.8498,0.7222,0.0021,407.0,409.0,2.0
60841392,6,266.3333,266.25,0.8439,0.7122,0.0032,265.4,267.8,2.4
53393680,5,378.36,378.4,0.8357,0.6984,0.0022,377.4,379.6,2.2
54070103,5,260.32,260.2,0.828,0.6856,0.0032,259.5,261.8,2.3
54260459,6,266.35,266.25,0.8261,0.6825,0.0031,265.4,267.8,2.4
54442843,6,266.35,266.25,0.8261,0.6825,0.0031,265.4,267.8,2.4
53369814,6,272.25,272.15,0.8261,0.6825,0.003,271.3,273.7,2.4
54676853,6,272.25,272.15,0.8261,0.6825,0.003,271.3,273.7,2.4
53679613,5,266.52,266.4,0.8035,0.6456,0.003,265.4,267.8,2.4
53729424,6,260.5333,260.65,0.7993,0.6389,0.0031,259.5,261.8,2.3
53729426,6,260.5333,260.65,0.7993,0.6389,0.0031,259.5,261.8,2.3
63310181,6,260.5333,260.65,0.7993,0.6389,0.0031,259.5,261.8,2.3
64546891,6,260.5333,260.65,0.7993,0.6389,0.0031,259.5,261.8,2.3
64546896,6,260.5333,260.65,0.7993,0.6389,0.0031,259.5,261.8,2.3
65680833,6,260.5333,260.65,0.7993,0.6389,0.0031,259.5,261.8,2.3
65680834,6,260.5333,260.65,0.7993,0.6389,0.0031,259.5,261.8,2.3
53375244,6,260.4333,260.35,0.7972,0.6356,0.0031,259.5,261.8,2.3
53415853,6,260.4333,260.35,0.7972,0.6356,0.0031,259.5,261.8,2.3
53418003,6,260.4333,260.35,0.7972,0.6356,0.0031,259.5,261.8,2.3
53502115,6,260.4333,260.35,0.7972,0.6356,0.0031,259.5,261.8,2.3
53502120,6,260.4333,260.35,0.7972,0.6356,0.0031,259.5,261.8,2.3
53847073,6,260.4333,260.35,0.7972,0.6356,0.0031,259.5,261.8,2.3
53882061,6,260.4333,260.35,0.7972,0.6356,0.0031,259.5,261.8,2.3
53935349,6,260.4333,260.35,0.7972,0.6356,0.0031,259.5,261.8,2.3
55842813,6,260.4333,260.35,0.7972,0.6356,0.0031,259.5,261.8,2.3
62191587,6,260.4333,260.35,0.7972,0.6356,0.0031,259.5,261.8,2.3
62662751,6,260.4333,260.35,0.7972,0.6356,0.0031,259.5,261.8,2.3
63439418,6,260.4333,260.35,0.7972,0.6356,0.0031,259.5,261.8,2.3
64809583,6,260.4333,260.35,0.7972,0.6356,0.0031,259.5,261.8,2.3
65554234,6,260.4333,260.35,0.7972,0.6356,0.0031,259.5,261.8,2.3
54205411,6,257.5,257.4,0.7853,0.6167,0.003,256.6,258.9,2.3
54205412,6,257.5,257.4,0.7853,0.6167,0.003,256.6,258.9,2.3
53519269,6,248.6833,248.8,0.7647,0.5847,0.0031,247.7,249.9,2.2
61770180,6,247.5,247.65,0.7638,0.5833,0.0031,246.5,248.7,2.2
59340765,6,248.5667,248.45,0.7608,0.5789,0.0031,247.7,249.9,2.2
61748921,6,248.5667,248.45,0.7608,0.5789,0.0031,247.7,249.9,2.2
65116468,5,224.9,224.7,0.7563,0.572,0.0034,224.1,226.1,2.0
66455737,4,394.5,394.3,0.7382,0.545,0.0019,393.7,395.7,2.0
54289853,6,242.75,242.85,0.732,0.5358,0.003,241.8,243.9,2.1
55500795,6,242.75,242.85,0.732,0.5358,0.003,241.8,243.9,2.1
56974731,6,242.75,242.85,0.732,0.5358,0.003,241.8,243.9,2.1
59692310,6,242.75,242.85,0.732,0.5358,0.003,241.8,243.9,2.1
59856778,6,242.75,242.85,0.732,0.5358,0.003,241.8,243.9,2.1
54229159,6,242.65,242.55,0.732,0.5358,0.003,241.8,243.9,2.1
54243008,6,242.65,242.55,0.732,0.5358,0.003,241.8,243.9,2.1
54252177,6,242.65,242.55,0.732,0.5358,0.003,241.8,243.9,2.1
54268110,6,242.65,242.55,0.732,0.5358,0.003,241.8,243.9,2.1
54268111,6,242.65,242.55,0.732,0.5358,0.003,241.8,243.9,2.1
54272539,6,242.65,242.55,0.732,0.5358,0.003,241.8,243.9,2.1
54284856,6,242.65,242.55,0.732,0.5358,0.003,241.8,243.9,2.1
54291801,6,242.65,242.55,0.732,0.5358,0.003,241.8,243.9,2.1
54292467,6,242.65,242.55,0.732,0.5358,0.003,241.8,243.9,2.1
56147885,6,242.65,242.55,0.732,0.5358,0.003,241.8,243.9,2.1
56935026,6,242.65,242.55,0.732,0.5358,0.003,241.8,243.9,2.1
66694471,6,242.65,242.55,0.732,0.5358,0.003,241.8,243.9,2.1
66424833,3,413.3667,412.9,0.7318,0.5356,0.0018,412.8,414.4,1.6
54360852,6,234.3667,234.3,0.7272,0.5289,0.0031,233.5,235.6,2.1
53590727,6,236.8333,236.95,0.7226,0.5222,0.0031,235.9,238.0,2.1
54080251,6,236.8333,236.95,0.7226,0.5222,0.0031,235.9,238.0,2.1
54410190,6,236.8333,236.95,0.7226,0.5222,0.0031,235.9,238.0,2.1
54469879,6,236.8333,236.95,0.7226,0.5222,0.0031,235.9,238.0,2.1
54471168,6,236.8333,236.95,0.7226,0.5222,0.0031,235.9,238.0,2.1
54531250,6,236.8333,236.95,0.7226,0.5222,0.0031,235.9,238.0,2.1
54568070,6,236.8333,236.95,0.7226,0.5222,0.0031,235.9,238.0,2.1
56109907,6,236.8333,236.95,0.7226,0.5222,0.0031,235.9,238.0,2.1
56649098,6,236.8333,236.95,0.7226,0.5222,0.0031,235.9,238.0,2.1
56649099,6,236.8333,236.95,0.7226,0.5222,0.0031,235.9,238.0,2.1
59583084,6,236.8333,236.95,0.7226,0.5222,0.0031,235.9,238.0,2.1
62638840,6,236.8333,236.95,0.7226,0.5222,0.0031,235.9,238.0,2.1
63019913,6,236.8333,236.95,0.7226,0.5222,0.0031,235.9,238.0,2.1
63127091,6,236.8333,236.95,0.7226,0.5222,0.0031,235.9,238.0,2.1
63127100,6,236.8333,236.95,0.7226,0.5222,0.0031,235.9,238.0,2.1
64489889,6,236.8333,236.95,0.7226,0.5222,0.0031,235.9,238.0,2.1
65257587,6,236.8333,236.95,0.7226,0.5222,0.0031,235.9,238.0,2.1
65257588,6,236.8333,236.95,0.7226,0.5222,0.0031,235.9,238.0,2.1
65309569,6,236.8333,236.95,0.7226,0.5222,0.0031,235.9,238.0,2.1
65309578,6,236.8333,236.95,0.7226,0.5222,0.0031,235.9,238.0,2.1
65309593,6,236.8333,236.95,0.7226,0.5222,0.0031,235.9,238.0,2.1
65399988,6,236.8333,236.95,0.7226,0.5222,0.0031,235.9,238.0,2.1
65400008,6,236.8333,236.95,0.7226,0.5222,0.0031,235.9,238.0,2.1
65771647,6,236.8333,236.95,0.7226,0.5222,0.0031,235.9,238.0,2.1
53726544,6,236.7333,236.65,0.7203,0.5189,0.003,235.9,238.0,2.1
53997515,6,236.7333,236.65,0.7203,0.5189,0.003,235.9,238.0,2.1
54011729,6,236.7333,236.65,0.7203,0.5189,0.003,235.9,238.0,2.1
54012212,6,236.7333,236.65,0.7203,0.5189,0.003,235.9,238.0,2.1
54022459,6,236.7333,236.65,0.7203,0.5189,0.003,235.9,238.0,2.1
54033319,6,236.7333,236.65,0.7203,0.5189,0.003,235.9,238.0,2.1
54036211,6,236.7333,236.65,0.7203,0.5189,0.003,235.9,238.0,2.1
54041614,6,236.7333,236.65,0.7203,0.5189,0.003,235.9,238.0,2.1
54069563,6,236.7333,236.65,0.7203,0.5189,0.003,235.9,238.0,2.1
54070809,6,236.7333,236.65,0.7203,0.5189,0.003,235.9,238.0,2.1
54447421,6,236.7333,236.65,0.7203,0.5189,0.003,235.9,238.0,2.1
54501287,6,236.7333,236.65,0.7203,0.5189,0.003,235.9,238.0,2.1
54580231,6,236.7333,236.65,0.7203,0.5189,0.003,235.9,238.0,2.1
54659768,6,236.7333,236.65,0.7203,0.5189,0.003,235.9,238.0,2.1
54687352,6,236.7333,236.65,0.7203,0.5189,0.003,235.9,238.0,2.1
54688491,6,236.7333,236.65,0.7203,0.5189,0.003,235.9,238.0,2.1
54760100,6,236.7333,236.65,0.7203,0.5189,0.003,235.9,238.0,2.1
55067193,6,236.7333,236.65,0.7203,0.5189,0.003,235.9,238.0,2.1
56393685,6,236.7333,236.65,0.7203,0.5189,0.003,235.9,238.0,2.1
56848565,6,236.7333,236.65,0.7203,0.5189,0.003,235.9,238.0,2.1
56910148,6,236.7333,236.65,0.7203,0.5189,0.003,235.9,238.0,2.1
57339194,6,236.7333,236.65,0.7203,0.5189,0.003,235.9,238.0,2.1
58539225,6,236.7333,236.65,0.7203,0.5189,0.003,235.9,238.0,2.1
58539226,6,236.7333,236.65,0.7203,0.5189,0.003,235.9,238.0,2.1
59918008,6,236.7333,236.65,0.7203,0.5189,0.003,235.9,238.0,2.1
60226075,6,236.7333,236.65,0.7203,0.5189,0.003,235.9,238.0,2.1
61914680,6,236.7333,236.65,0.7203,0.5189,0.003,235.9,238.0,2.1
61917764,6,236.7333,236.65,0.7203,0.5189,0.003,235.9,238.0,2.1
61920905,6,236.7333,236.65,0.7203,0.5189,0.003,235.9,238.0,2.1
61920918,6,236.7333,236.65,0.7203,0.5189,0.003,235.9,238.0,2.1
61920928,6,236.7333,236.65,0.7203,0.5189,0.003,235.9,238.0,2.1
62029253,6,236.7333,236.65,0.7203,0.5189,0.003,235.9,238.0,2.1
62238843,6,236.7333,236.65,0.7203,0.5189,0.003,235.9,238.0,2.1
62238855,6,236.7333,236.65,0.7203,0.5189,0.003,235.9,238.0,2.1
62238856,6,236.7333,236.65,0.7203,0.5189,0.003,235.9,238.0,2.1
62240132,6,236.7333,236.65,0.7203,0.5189,0.003,235.9,238.0,2.1
62781308,6,236.7333,236.65,0.7203,0.5189,0.003,235.9,238.0,2.1
62781323,6,236.7333,236.65,0.7203,0.5189,0.003,235.9,238.0,2.1
63199771,6,236.7333,236.65,0.7203,0.5189,0.003,235.9,238.0,2.1
64491408,6,236.7333,236.65,0.7203,0.5189,0.003,235.9,238.0,2.1
64491409,6,236.7333,236.65,0.7203,0.5189,0.003,235.9,238.0,2.1
64675772,6,236.7333,236.65,0.7203,0.5189,0.003,235.9,238.0,2.1
64863773,6,236.7333,236.65,0.7203,0.5189,0.003,235.9,238.0,2.1
64863775,6,236.7333,236.65,0.7203,0.5189,0.003,235.9,238.0,2.1
65661352,6,236.7333,236.65,0.7203,0.5189,0.003,235.9,238.0,2.1
65661358,6,236.7333,236.65,0.7203,0.5189,0.003,235.9,238.0,2.1
65682704,6,236.7333,236.65,0.7203,0.5189,0.003,235.9,238.0,2.1
65682707,6,236.7333,236.65,0.7203,0.5189,0.003,235.9,238.0,2.1
61385413,6,241.7667,241.75,0.718,0.5156,0.003,240.9,243.0,2.1
53664646,6,234.4,234.35,0.7095,0.5033,0.003,233.6,235.6,2.0
59692317,6,230.9167,231.05,0.6962,0.4847,0.003,230.0,232.0,2.0
59936250,6,230.9167,231.05,0.6962,0.4847,0.003,230.0,232.0,2.0
59936268,6,230.9167,231.05,0.6962,0.4847,0.003,230.0,232.0,2.0
64295714,6,223.8167,223.95,0.6962,0.4847,0.0031,222.9,224.9,2.0
66395063,6,230.8167,230.75,0.6914,0.4781,0.003,230.0,232.0,2.0
62656774,6,224.9167,224.85,0.6914,0.4781,0.0031,224.1,226.1,2.0
62656879,6,224.9167,224.85,0.6914,0.4781,0.0031,224.1,226.1,2.0
53389449,6,225.0,225.1,0.6904,0.4767,0.0031,224.1,226.1,2.0
54432495,6,225.0,225.1,0.6904,0.4767,0.0031,224.1,226.1,2.0
55039443,6,225.0,225.1,0.6904,0.4767,0.0031,224.1,226.1,2.0
63099984,6,225.0,225.1,0.6904,0.4767,0.0031,224.1,226.1,2.0
63126049,6,225.0,225.1,0.6904,0.4767,0.0031,224.1,226.1,2.0
63310187,6,225.0,225.1,0.6904,0.4767,0.0031,224.1,226.1,2.0
63350254,6,225.0,225.1,0.6904,0.4767,0.0031,224.1,226.1,2.0
63350255,6,225.0,225.1,0.6904,0.4767,0.0031,224.1,226.1,2.0
66455068,6,224.9833,225.1,0.6817,0.4647,0.003,224.1,226.1,2.0
66455069,6,224.9833,225.1,0.6817,0.4647,0.003,224.1,226.1,2.0
64863779,5,236.9,236.8,0.6753,0.456,0.0029,236.0,238.0,2.0
55905906,4,213.25,213.2,0.6727,0.4525,0.0032,212.4,214.2,1.8
56933447,6,207.25,207.35,0.6551,0.4292,0.0032,206.4,208.3,1.9
56933448,6,207.25,207.35,0.6551,0.4292,0.0032,206.4,208.3,1.9
57222704,6,207.25,207.35,0.6551,0.4292,0.0032,206.4,208.3,1.9
60419506,6,207.25,207.35,0.6551,0.4292,0.0032,206.4,208.3,1.9
53650419,6,213.15,213.25,0.6551,0.4292,0.0031,212.3,214.2,1.9
54571247,6,213.15,213.25,0.6551,0.4292,0.0031,212.3,214.2,1.9
61076273,6,213.15,213.25,0.6551,0.4292,0.0031,212.3,214.2,1.9
62886295,6,213.15,213.25,0.6551,0.4292,0.0031,212.3,214.2,1.9
63109721,6,213.15,213.25,0.6551,0.4292,0.0031,212.3,214.2,1.9
64578967,6,213.15,213.25,0.6551,0.4292,0.0031,212.3,214.2,1.9
65701404,6,213.15,213.25,0.6551,0.4292,0.0031,212.3,214.2,1.9
57338371,3,261.0,261.0,0.6532,0.4267,0.0025,260.2,261.8,1.6
54320426,6,204.7667,204.7,0.6498,0.4222,0.0032,204.0,205.9,1.9
54290596,6,207.1667,207.1,0.6498,0.4222,0.0031,206.4,208.3,1.9
54233068,6,218.9667,218.9,0.6498,0.4222,0.003,218.2,220.1,1.9
54257213,6,218.9667,218.9,0.6498,0.4222,0.003,218.2,220.1,1.9
54272328,6,218.9667,218.9,0.6498,0.4222,0.003,218.2,220.1,1.9
54280176,6,218.9667,218.9,0.6498,0.4222,0.003,218.2,220.1,1.9
56566908,6,218.9667,218.9,0.6498,0.4222,0.003,218.2,220.1,1.9
57886776,6,218.9667,218.9,0.6498,0.4222,0.003,218.2,220.1,1.9
58398729,6,218.9667,218.9,0.6498,0.4222,0.003,218.2,220.1,1.9
58796753,6,218.9667,218.9,0.6498,0.4222,0.003,218.2,220.1,1.9
64531098,6,218.9667,218.9,0.6498,0.4222,0.003,218.2,220.1,1.9
53368149,6,213.0667,213.0,0.6498,0.4222,0.003,212.3,214.2,1.9
53379281,6,213.0667,213.0,0.6498,0.4222,0.003,212.3,214.2,1.9
53380920,6,213.0667,213.0,0.6498,0.4222,0.003,212.3,214.2,1.9
53397794,6,213.0667,213.0,0.6498,0.4222,0.003,212.3,214.2,1.9
53399113,6,213.0667,213.0,0.6498,0.4222,0.003,212.3,214.2,1.9
53399687,6,213.0667,213.0,0.6498,0.4222,0.003,212.3,214.2,1.9
53400059,6,213.0667,213.0,0.6498,0.4222,0.003,212.3,214.2,1.9
53401366,6,213.0667,213.0,0.6498,0.4222,0.003,212.3,214.2,1.9
53409488,6,213.0667,213.0,0.6498,0.4222,0.003,212.3,214.2,1.9
53409888,6,213.0667,213.0,0.6498,0.4222,0.003,212.3,214.2,1.9
53431937,6,213.0667,213.0,0.6498,0.4222,0.003,212.3,214.2,1.9
53584385,6,213.0667,213.0,0.6498,0.4222,0.003,212.3,214.2,1.9
53589567,6,213.0667,213.0,0.6498,0.4222,0.003,212.3,214.2,1.9
54428216,6,213.0667,213.0,0.6498,0.4222,0.003,212.3,214.2,1.9
56985881,6,213.0667,213.0,0.6498,0.4222,0.003,212.3,214.2,1.9
62662904,6,213.0667,213.0,0.6498,0.4222,0.003,212.3,214.2,1.9
63233982,6,213.0667,213.0,0.6498,0.4222,0.003,212.3,214.2,1.9
63233983,6,213.0667,213.0,0.6498,0.4222,0.003,212.3,214.2,1.9
63445331,6,213.0667,213.0,0.6498,0.4222,0.003,212.3,214.2,1.9
63445334,6,213.0667,213.0,0.6498,0.4222,0.003,212.3,214.2,1.9
63591065,6,213.0667,213.0,0.6498,0.4222,0.003,212.3,214.2,1.9
65037599,6,213.0667,213.0,0.6498,0.4222,0.003,212.3,214.2,1.9
65037610,6,213.0667,213.0,0.6498,0.4222,0.003,212.3,214.2,1.9
65116750,6,213.0667,213.0,0.6498,0.4222,0.003,212.3,214.2,1.9
65651367,6,213.0667,213.0,0.6498,0.4222,0.003,212.3,214.2,1.9
65651373,6,213.0667,213.0,0.6498,0.4222,0.003,212.3,214.2,1.9
60933072,3,354.3,353.9,0.6377,0.4067,0.0018,353.8,355.2,1.4
61419210,5,191.22,191.2,0.6337,0.4016,0.0033,190.5,192.2,1.7
54428094,5,213.2,213.1,0.6325,0.4,0.003,212.3,214.2,1.9
53862511,6,201.2333,201.15,0.6263,0.3922,0.0031,200.5,202.3,1.8
53862513,6,201.2333,201.15,0.6263,0.3922,0.0031,200.5,202.3,1.8
54107088,6,201.2333,201.15,0.6263,0.3922,0.0031,200.5,202.3,1.8
54159171,6,201.2333,201.15,0.6263,0.3922,0.0031,200.5,202.3,1.8
55732520,6,201.2333,201.15,0.6263,0.3922,0.0031,200.5,202.3,1.8
57338396,6,201.2333,201.15,0.6263,0.3922,0.0031,200.5,202.3,1.8
60557555,6,201.2333,201.15,0.6263,0.3922,0.0031,200.5,202.3,1.8
64306530,6,201.2333,201.15,0.6263,0.3922,0.0031,200.5,202.3,1.8
53853342,6,201.3167,201.4,0.6229,0.3881,0.0031,200.5,202.3,1.8
65759035,6,201.3167,201.4,0.6229,0.3881,0.0031,200.5,202.3,1.8
61751482,6,202.4833,202.55,0.6149,0.3781,0.003,201.7,203.5,1.8
56454556,5,177.54,177.4,0.5953,0.3544,0.0034,176.9,178.5,1.6
63199756,5,177.54,177.4,0.5953,0.3544,0.0034,176.9,178.5,1.6
53472131,6,189.4667,189.55,0.5878,0.3456,0.0031,188.7,190.4,1.7
54593502,6,189.4667,189.55,0.5878,0.3456,0.0031,188.7,190.4,1.7
54672962,6,189.4667,189.55,0.5878,0.3456,0.0031,188.7,190.4,1.7
54677905,6,189.4667,189.55,0.5878,0.3456,0.0031,188.7,190.4,1.7
63350259,6,189.4667,189.55,0.5878,0.3456,0.0031,188.7,190.4,1.7
64801568,6,189.4667,189.55,0.5878,0.3456,0.0031,188.7,190.4,1.7
64801679,6,189.4667,189.55,0.5878,0.3456,0.0031,188.7,190.4,1.7
54331761,6,181.1833,181.3,0.5871,0.3447,0.0032,180.4,182.1,1.7
54332512,6,181.1,181.05,0.5859,0.3433,0.0032,180.4,182.1,1.7
54361570,6,181.1,181.05,0.5859,0.3433,0.0032,180.4,182.1,1.7
54362669,6,181.1,181.05,0.5859,0.3433,0.0032,180.4,182.1,1.7
54390343,6,181.1,181.05,0.5859,0.3433,0.0032,180.4,182.1,1.7
61751473,5,202.62,202.7,0.5845,0.3416,0.0029,201.7,203.5,1.8
53389308,6,189.3833,189.3,0.5843,0.3414,0.0031,188.7,190.4,1.7
53447977,6,189.3833,189.3,0.5843,0.3414,0.0031,188.7,190.4,1.7
54622957,6,189.3833,189.3,0.5843,0.3414,0.0031,188.7,190.4,1.7
56874903,6,189.3833,189.3,0.5843,0.3414,0.0031,188.7,190.4,1.7
64814195,6,189.3833,189.3,0.5843,0.3414,0.0031,188.7,190.4,1.7
54252635,6,183.55,183.65,0.562,0.3158,0.0031,182.8,184.4,1.6
56294984,6,183.55,183.65,0.562,0.3158,0.0031,182.8,184.4,1.6
63707683,5,165.76,165.8,0.5607,0.3144,0.0034,165.1,166.6,1.5
54221225,6,183.4667,183.4,0.5558,0.3089,0.003,182.8,184.4,1.6
54221227,6,183.4667,183.4,0.5558,0.3089,0.003,182.8,184.4,1.6
54221676,6,183.4667,183.4,0.5558,0.3089,0.003,182.8,184.4,1.6
56566931,6,183.4667,183.4,0.5558,0.3089,0.003,182.8,184.4,1.6
64536608,5,189.6,189.7,0.555,0.308,0.0029,188.7,190.4,1.7
59241761,5,191.38,191.4,0.5528,0.3056,0.0029,190.5,192.2,1.7
61796395,6,185.5333,185.45,0.5497,0.3022,0.003,184.9,186.5,1.6
53484321,6,177.6167,177.7,0.5459,0.2981,0.0031,176.9,178.5,1.6
53604578,6,177.6167,177.7,0.5459,0.2981,0.0031,176.9,178.5,1.6
53606519,6,177.6167,177.7,0.5459,0.2981,0.0031,176.9,178.5,1.6
53608961,6,177.6167,177.7,0.5459,0.2981,0.0031,176.9,178.5,1.6
53696108,6,177.6167,177.7,0.5459,0.2981,0.0031,176.9,178.5,1.6
53700152,6,177.6167,177.7,0.5459,0.2981,0.0031,176.9,178.5,1.6
53850683,6,177.6167,177.7,0.5459,0.2981,0.0031,176.9,178.5,1.6
53859861,6,177.6167,177.7,0.5459,0.2981,0.0031,176.9,178.5,1.6
53859868,6,177.6167,177.7,0.5459,0.2981,0.0031,176.9,178.5,1.6
53860486,6,177.6167,177.7,0.5459,0.2981,0.0031,176.9,178.5,1.6
53867130,6,177.6167,177.7,0.5459,0.2981,0.0031,176.9,178.5,1.6
53886312,6,177.6167,177.7,0.5459,0.2981,0.0031,176.9,178.5,1.6
54668978,6,177.6167,177.7,0.5459,0.2981,0.0031,176.9,178.5,1.6
54684107,6,177.6167,177.7,0.5459,0.2981,0.0031,176.9,178.5,1.6
57336303,6,177.6167,177.7,0.5459,0.2981,0.0031,176.9,178.5,1.6
58718927,6,177.6167,177.7,0.5459,0.2981,0.0031,176.9,178.5,1.6
58755576,6,177.6167,177.7,0.5459,0.2981,0.0031,176.9,178.5,1.6
58755577,6,177.6167,177.7,0.5459,0.2981,0.0031,176.9,178.5,1.6
58825527,6,177.6167,177.7,0.5459,0.2981,0.0031,176.9,178.5,1.6
59583068,6,177.6167,177.7,0.5459,0.2981,0.0031,176.9,178.5,1.6
60058882,6,177.6167,177.7,0.5459,0.2981,0.0031,176.9,178.5,1.6
60058883,6,177.6167,177.7,0.5459,0.2981,0.0031,176.9,178.5,1.6
60496428,6,177.6167,177.7,0.5459,0.2981,0.0031,176.9,178.5,1.6
60496437,6,177.6167,177.7,0.5459,0.2981,0.0031,176.9,178.5,1.6
61076237,6,177.6167,177.7,0.5459,0.2981,0.0031,176.9,178.5,1.6
61076252,6,177.6167,177.7,0.5459,0.2981,0.0031,176.9,178.5,1.6
61092453,6,177.6167,177.7,0.5459,0.2981,0.0031,176.9,178.5,1.6
61759379,6,177.6167,177.7,0.5459,0.2981,0.0031,176.9,178.5,1.6
62238837,6,177.6167,177.7,0.5459,0.2981,0.0031,176.9,178.5,1.6
62404916,6,177.6167,177.7,0.5459,0.2981,0.0031,176.9,178.5,1.6
62418504,6,177.6167,177.7,0.5459,0.2981,0.0031,176.9,178.5,1.6
62501993,6,177.6167,177.7,0.5459,0.2981,0.0031,176.9,178.5,1.6
62513344,6,177.6167,177.7,0.5459,0.2981,0.0031,176.9,178.5,1.6
63127113,6,177.6167,177.7,0.5459,0.2981,0.0031,176.9,178.5,1.6
63310199,6,177.6167,177.7,0.5459,0.2981,0.0031,176.9,178.5,1.6
63310200,6,177.6167,177.7,0.5459,0.2981,0.0031,176.9,178.5,1.6
63350262,6,177.6167,177.7,0.5459,0.2981,0.0031,176.9,178.5,1.6
64594083,6,177.6167,177.7,0.5459,0.2981,0.0031,176.9,178.5,1.6
64799769,6,177.6167,177.7,0.5459,0.2981,0.0031,176.9,178.5,1.6
65250413,6,177.6167,177.7,0.5459,0.2981,0.0031,176.9,178.5,1.6
65250414,6,177.6167,177.7,0.5459,0.2981,0.0031,176.9,178.5,1.6
65497975,6,177.6167,177.7,0.5459,0.2981,0.0031,176.9,178.5,1.6
65718767,6,177.6167,177.7,0.5459,0.2981,0.0031,176.9,178.5,1.6
53908797,6,177.55,177.5,0.5439,0.2958,0.0031,176.9,178.5,1.6
53909464,6,177.55,177.5,0.5439,0.2958,0.0031,176.9,178.5,1.6
53940105,6,177.55,177.5,0.5439,0.2958,0.0031,176.9,178.5,1.6
53998268,6,177.55,177.5,0.5439,0.2958,0.0031,176.9,178.5,1.6
54012202,6,177.55,177.5,0.5439,0.2958,0.0031,176.9,178.5,1.6
54012204,6,177.55,177.5,0.5439,0.2958,0.0031,176.9,178.5,1.6
54020235,6,177.55,177.5,0.5439,0.2958,0.0031,176.9,178.5,1.6
54068070,6,177.55,177.5,0.5439,0.2958,0.0031,176.9,178.5,1.6
54075961,6,177.55,177.5,0.5439,0.2958,0.0031,176.9,178.5,1.6
54185803,6,177.55,177.5,0.5439,0.2958,0.0031,176.9,178.5,1.6
54416798,6,177.55,177.5,0.5439,0.2958,0.0031,176.9,178.5,1.6
54430192,6,177.55,177.5,0.5439,0.2958,0.0031,176.9,178.5,1.6
54564439,6,177.55,177.5,0.5439,0.2958,0.0031,176.9,178.5,1.6
55904254,6,177.55,177.5,0.5439,0.2958,0.0031,176.9,178.5,1.6
55972729,6,177.55,177.5,0.5439,0.2958,0.0031,176.9,178.5,1.6
56502635,6,177.55,177.5,0.5439,0.2958,0.0031,176.9,178.5,1.6
57331992,6,177.55,177.5,0.5439,0.2958,0.0031,176.9,178.5,1.6
58952159,6,177.55,177.5,0.5439,0.2958,0.0031,176.9,178.5,1.6
58952165,6,177.55,177.5,0.5439,0.2958,0.0031,176.9,178.5,1.6
58952166,6,177.55,177.5,0.5439,0.2958,0.0031,176.9,178.5,1.6
59552982,6,177.55,177.5,0.5439,0.2958,0.0031,176.9,178.5,1.6
59725313,6,177.55,177.5,0.5439,0.2958,0.0031,176.9,178.5,1.6
60225593,6,177.55,177.5,0.5439,0.2958,0.0031,176.9,178.5,1.6
60960501,6,177.55,177.5,0.5439,0.2958,0.0031,176.9,178.5,1.6
60981203,6,177.55,177.5,0.5439,0.2958,0.0031,176.9,178.5,1.6
62029274,6,177.55,177.5,0.5439,0.2958,0.0031,176.9,178.5,1.6
63225719,6,177.55,177.5,0.5439,0.2958,0.0031,176.9,178.5,1.6
63666797,6,177.55,177.5,0.5439,0.2958,0.0031,176.9,178.5,1.6
63707445,6,177.55,177.5,0.5439,0.2958,0.0031,176.9,178.5,1.6
64390201,6,177.55,177.5,0.5439,0.2958,0.0031,176.9,178.5,1.6
64667063,6,177.55,177.5,0.5439,0.2958,0.0031,176.9,178.5,1.6
64667066,6,177.55,177.5,0.5439,0.2958,0.0031,176.9,178.5,1.6
64952167,6,177.55,177.5,0.5439,0.2958,0.0031,176.9,178.5,1.6
65421268,6,177.55,177.5,0.5439,0.2958,0.0031,176.9,178.5,1.6
65421272,6,177.55,177.5,0.5439,0.2958,0.0031,176.9,178.5,1.6
65445075,6,177.55,177.5,0.5439,0.2958,0.0031,176.9,178.5,1.6
65661397,6,177.55,177.5,0.5439,0.2958,0.0031,176.9,178.5,1.6
66709192,6,177.55,177.5,0.5439,0.2958,0.0031,176.9,178.5,1.6
53480535,6,165.8,165.9,0.5196,0.27,0.0031,165.1,166.6,1.5
63181431,6,165.8,165.9,0.5196,0.27,0.0031,165.1,166.6,1.5
64257752,6,165.8,165.9,0.5196,0.27,0.0031,165.1,166.6,1.5
65575757,6,165.8,165.9,0.5196,0.27,0.0031,165.1,166.6,1.5
60482533,6,157.5,157.6,0.5196,0.27,0.0033,156.8,158.3,1.5
60482540,6,157.5,157.6,0.5196,0.27,0.0033,156.8,158.3,1.5
60484610,6,157.5,157.6,0.5196,0.27,0.0033,156.8,158.3,1.5
60484632,6,157.5,157.6,0.5196,0.27,0.0033,156.8,158.3,1.5
53979568,3,295.2667,294.9,0.5185,0.2689,0.0018,294.9,296.0,1.1
66434289,3,295.2667,294.9,0.5185,0.2689,0.0018,294.9,296.0,1.1
53402374,5,153.9,153.9,0.5177,0.268,0.0034,153.3,154.7,1.4
58825525,5,177.74,177.8,0.5161,0.2664,0.0029,176.9,178.5,1.6
61076249,5,177.74,177.8,0.5161,0.2664,0.0029,176.9,178.5,1.6
53419024,6,165.7333,165.7,0.5153,0.2656,0.0031,165.1,166.6,1.5
53463472,6,165.7333,165.7,0.5153,0.2656,0.0031,165.1,166.6,1.5
58737420,6,165.7333,165.7,0.5153,0.2656,0.0031,165.1,166.6,1.5
59860320,6,165.7333,165.7,0.5153,0.2656,0.0031,165.1,166.6,1.5
59860322,6,165.7333,165.7,0.5153,0.2656,0.0031,165.1,166.6,1.5
60058884,6,165.7333,165.7,0.5153,0.2656,0.0031,165.1,166.6,1.5
64675834,6,165.7333,165.7,0.5153,0.2656,0.0031,165.1,166.6,1.5
65138592,6,165.7333,165.7,0.5153,0.2656,0.0031,165.1,166.6,1.5
65138593,6,165.7333,165.7,0.5153,0.2656,0.0031,165.1,166.6,1.5
60920918,6,167.5333,167.5,0.5153,0.2656,0.0031,166.9,168.4,1.5
64572767,4,142.0,141.85,0.5148,0.265,0.0036,141.5,142.8,1.3
66630808,4,281.775,281.65,0.5117,0.2619,0.0018,281.2,282.6,1.4
54224758,6,159.85,159.9,0.5058,0.2558,0.0032,159.2,160.7,1.5
60222049,6,159.85,159.9,0.5058,0.2558,0.0032,159.2,160.7,1.5
60553538,5,177.68,177.6,0.5036,0.2536,0.0028,177.0,178.5,1.5
54416445,6,159.8,159.75,0.5033,0.2533,0.0031,159.2,160.7,1.5
60073918,6,159.8,159.75,0.5033,0.2533,0.0031,159.2,160.7,1.5
60073919,6,159.8,159.75,0.5033,0.2533,0.0031,159.2,160.7,1.5
62238839,5,177.76,177.8,0.4841,0.2344,0.0027,177.0,178.5,1.5
62502054,5,177.76,177.8,0.4841,0.2344,0.0027,177.0,178.5,1.5
64594084,5,177.76,177.8,0.4841,0.2344,0.0027,177.0,178.5,1.5
54217190,6,147.9667,147.9,0.4784,0.2289,0.0032,147.4,148.8,1.4
54222111,6,147.9667,147.9,0.4784,0.2289,0.0032,147.4,148.8,1.4
54265596,6,147.9667,147.9,0.4784,0.2289,0.0032,147.4,148.8,1.4
54291789,6,147.9667,147.9,0.4784,0.2289,0.0032,147.4,148.8,1.4
58355099,6,147.9667,147.9,0.4784,0.2289,0.0032,147.4,148.8,1.4
58383840,6,147.9667,147.9,0.4784,0.2289,0.0032,147.4,148.8,1.4
60471158,6,147.9667,147.9,0.4784,0.2289,0.0032,147.4,148.8,1.4
64251613,6,147.9667,147.9,0.4784,0.2289,0.0032,147.4,148.8,1.4
65116552,6,147.9667,147.9,0.4784,0.2289,0.0032,147.4,148.8,1.4
54230860,6,148.0333,148.1,0.4784,0.2289,0.0032,147.4,148.8,1.4
54252481,6,148.0333,148.1,0.4784,0.2289,0.0032,147.4,148.8,1.4
66395007,6,148.0333,148.1,0.4784,0.2289,0.0032,147.4,148.8,1.4
53386727,6,153.8667,153.8,0.4784,0.2289,0.0031,153.3,154.7,1.4
53491409,6,153.8667,153.8,0.4784,0.2289,0.0031,153.3,154.7,1.4
53707675,6,153.8667,153.8,0.4784,0.2289,0.0031,153.3,154.7,1.4
54142603,6,153.8667,153.8,0.4784,0.2289,0.0031,153.3,154.7,1.4
61134774,6,153.8667,153.8,0.4784,0.2289,0.0031,153.3,154.7,1.4
53380327,6,153.9333,154.0,0.4784,0.2289,0.0031,153.3,154.7,1.4
53386676,6,153.9333,154.0,0.4784,0.2289,0.0031,153.3,154.7,1.4
53391210,6,153.9333,154.0,0.4784,0.2289,0.0031,153.3,154.7,1.4
53392094,6,153.9333,154.0,0.4784,0.2289,0.0031,153.3,154.7,1.4
53398778,6,153.9333,154.0,0.4784,0.2289,0.0031,153.3,154.7,1.4
53437974,6,153.9333,154.0,0.4784,0.2289,0.0031,153.3,154.7,1.4
53438211,6,153.9333,154.0,0.4784,0.2289,0.0031,153.3,154.7,1.4
53447279,6,153.9333,154.0,0.4784,0.2289,0.0031,153.3,154.7,1.4
53460365,6,153.9333,154.0,0.4784,0.2289,0.0031,153.3,154.7,1.4
53484488,6,153.9333,154.0,0.4784,0.2289,0.0031,153.3,154.7,1.4
53492535,6,153.9333,154.0,0.4784,0.2289,0.0031,153.3,154.7,1.4
53493166,6,153.9333,154.0,0.4784,0.2289,0.0031,153.3,154.7,1.4
53495141,6,153.9333,154.0,0.4784,0.2289,0.0031,153.3,154.7,1.4
54272034,6,153.9333,154.0,0.4784,0.2289,0.0031,153.3,154.7,1.4
58399521,6,153.9333,154.0,0.4784,0.2289,0.0031,153.3,154.7,1.4
65066105,6,153.9333,154.0,0.4784,0.2289,0.0031,153.3,154.7,1.4
65210848,6,153.9333,154.0,0.4784,0.2289,0.0031,153.3,154.7,1.4
55328011,5,159.92,159.8,0.4665,0.2176,0.0029,159.3,160.7,1.4
55328012,5,159.92,159.8,0.4665,0.2176,0.0029,159.3,160.7,1.4
54386802,6,144.4,144.35,0.4546,0.2067,0.0031,143.9,145.2,1.3
65784734,5,129.36,129.5,0.4499,0.2024,0.0035,128.8,130.0,1.2
53451718,6,142.1,142.2,0.4435,0.1967,0.0031,141.5,142.8,1.3
53485361,6,142.1,142.2,0.4435,0.1967,0.0031,141.5,142.8,1.3
53485816,6,142.1,142.2,0.4435,0.1967,0.0031,141.5,142.8,1.3
53492208,6,142.1,142.2,0.4435,0.1967,0.0031,141.5,142.8,1.3
53707825,6,142.1,142.2,0.4435,0.1967,0.0031,141.5,142.8,1.3
53938328,6,142.1,142.2,0.4435,0.1967,0.0031,141.5,142.8,1.3
53938783,6,142.1,142.2,0.4435,0.1967,0.0031,141.5,142.8,1.3
54689453,6,142.1,142.2,0.4435,0.1967,0.0031,141.5,142.8,1.3
54777206,6,142.1,142.2,0.4435,0.1967,0.0031,141.5,142.8,1.3
55828295,6,142.1,142.2,0.4435,0.1967,0.0031,141.5,142.8,1.3
56982221,6,142.1,142.2,0.4435,0.1967,0.0031,141.5,142.8,1.3
58954021,6,142.1,142.2,0.4435,0.1967,0.0031,141.5,142.8,1.3
60973822,6,142.1,142.2,0.4435,0.1967,0.0031,141.5,142.8,1.3
61842750,6,142.1,142.2,0.4435,0.1967,0.0031,141.5,142.8,1.3
62991558,6,142.1,142.2,0.4435,0.1967,0.0031,141.5,142.8,1.3
62991561,6,142.1,142.2,0.4435,0.1967,0.0031,141.5,142.8,1.3
62991562,6,142.1,142.2,0.4435,0.1967,0.0031,141.5,142.8,1.3
62991563,6,142.1,142.2,0.4435,0.1967,0.0031,141.5,142.8,1.3
63439416,6,142.1,142.2,0.4435,0.1967,0.0031,141.5,142.8,1.3
63439417,6,142.1,142.2,0.4435,0.1967,0.0031,141.5,142.8,1.3
64471152,6,142.1,142.2,0.4435,0.1967,0.0031,141.5,142.8,1.3
65114420,6,142.1,142.2,0.4435,0.1967,0.0031,141.5,142.8,1.3
53426452,6,142.0333,142.0,0.4384,0.1922,0.0031,141.5,142.8,1.3
53581804,6,142.0333,142.0,0.4384,0.1922,0.0031,141.5,142.8,1.3
53590615,6,142.0333,142.0,0.4384,0.1922,0.0031,141.5,142.8,1.3
53595243,6,142.0333,142.0,0.4384,0.1922,0.0031,141.5,142.8,1.3
53721141,6,142.0333,142.0,0.4384,0.1922,0.0031,141.5,142.8,1.3
53721194,6,142.0333,142.0,0.4384,0.1922,0.0031,141.5,142.8,1.3
53843011,6,142.0333,142.0,0.4384,0.1922,0.0031,141.5,142.8,1.3
53987010,6,142.0333,142.0,0.4384,0.1922,0.0031,141.5,142.8,1.3
53989118,6,142.0333,142.0,0.4384,0.1922,0.0031,141.5,142.8,1.3
54040408,6,142.0333,142.0,0.4384,0.1922,0.0031,141.5,142.8,1.3
54045264,6,142.0333,142.0,0.4384,0.1922,0.0031,141.5,142.8,1.3
54063030,6,142.0333,142.0,0.4384,0.1922,0.0031,141.5,142.8,1.3
54071165,6,142.0333,142.0,0.4384,0.1922,0.0031,141.5,142.8,1.3
54430621,6,142.0333,142.0,0.4384,0.1922,0.0031,141.5,142.8,1.3
54577204,6,142.0333,142.0,0.4384,0.1922,0.0031,141.5,142.8,1.3
54582112,6,142.0333,142.0,0.4384,0.1922,0.0031,141.5,142.8,1.3
54657674,6,142.0333,142.0,0.4384,0.1922,0.0031,141.5,142.8,1.3
55966413,6,142.0333,142.0,0.4384,0.1922,0.0031,141.5,142.8,1.3
56394913,6,142.0333,142.0,0.4384,0.1922,0.0031,141.5,142.8,1.3
56438889,6,142.0333,142.0,0.4384,0.1922,0.0031,141.5,142.8,1.3
58749525,6,142.0333,142.0,0.4384,0.1922,0.0031,141.5,142.8,1.3
58952161,6,142.0333,142.0,0.4384,0.1922,0.0031,141.5,142.8,1.3
59101497,6,142.0333,142.0,0.4384,0.1922,0.0031,141.5,142.8,1.3
59552977,6,142.0333,142.0,0.4384,0.1922,0.0031,141.5,142.8,1.3
59815058,6,142.0333,142.0,0.4384,0.1922,0.0031,141.5,142.8,1.3
59815065,6,142.0333,142.0,0.4384,0.1922,0.0031,141.5,142.8,1.3
60162113,6,142.0333,142.0,0.4384,0.1922,0.0031,141.5,142.8,1.3
60981201,6,142.0333,142.0,0.4384,0.1922,0.0031,141.5,142.8,1.3
60985824,6,142.0333,142.0,0.4384,0.1922,0.0031,141.5,142.8,1.3
61712045,6,142.0333,142.0,0.4384,0.1922,0.0031,141.5,142.8,1.3
61914682,6,142.0333,142.0,0.4384,0.1922,0.0031,141.5,142.8,1.3
61914684,6,142.0333,142.0,0.4384,0.1922,0.0031,141.5,142.8,1.3
62558824,6,142.0333,142.0,0.4384,0.1922,0.0031,141.5,142.8,1.3
62641335,6,142.0333,142.0,0.4384,0.1922,0.0031,141.5,142.8,1.3
63308261,6,142.0333,142.0,0.4384,0.1922,0.0031,141.5,142.8,1.3
64503156,6,142.0333,142.0,0.4384,0.1922,0.0031,141.5,142.8,1.3
64661502,6,142.0333,142.0,0.4384,0.1922,0.0031,141.5,142.8,1.3
65487460,6,142.0333,142.0,0.4384,0.1922,0.0031,141.5,142.8,1.3
66468709,6,142.0333,142.0,0.4384,0.1922,0.0031,141.5,142.8,1.3
60507006,6,134.9333,134.9,0.4384,0.1922,0.0032,134.4,135.7,1.3
66552461,6,134.9333,134.9,0.4384,0.1922,0.0032,134.4,135.7,1.3
53685062,5,127.86,127.9,0.4224,0.1784,0.0033,127.4,128.5,1.1
53380463,5,154.06,154.1,0.4224,0.1784,0.0027,153.4,154.7,1.3
53493733,5,154.06,154.1,0.4224,0.1784,0.0027,153.4,154.7,1.3
63136980,4,177.85,177.75,0.4153,0.1725,0.0023,177.4,178.5,1.1
53678716,6,133.1833,133.1,0.414,0.1714,0.0031,132.7,133.9,1.2
61997585,6,130.25,130.3,0.4113,0.1692,0.0032,129.7,130.9,1.2
53401025,6,130.2,130.15,0.4082,0.1667,0.0031,129.7,130.9,1.2
53471669,6,130.2,130.15,0.4082,0.1667,0.0031,129.7,130.9,1.2
53490851,6,130.2,130.15,0.4082,0.1667,0.0031,129.7,130.9,1.2
53494115,6,130.2,130.15,0.4082,0.1667,0.0031,129.7,130.9,1.2
54012565,6,130.2,130.15,0.4082,0.1667,0.0031,129.7,130.9,1.2
54020560,6,130.2,130.15,0.4082,0.1667,0.0031,129.7,130.9,1.2
54033359,6,130.2,130.15,0.4082,0.1667,0.0031,129.7,130.9,1.2
54033361,6,130.2,130.15,0.4082,0.1667,0.0031,129.7,130.9,1.2
58503314,6,130.2,130.15,0.4082,0.1667,0.0031,129.7,130.9,1.2
59572701,6,130.2,130.15,0.4082,0.1667,0.0031,129.7,130.9,1.2
59655628,6,130.2,130.15,0.4082,0.1667,0.0031,129.7,130.9,1.2
59769350,6,130.2,130.15,0.4082,0.1667,0.0031,129.7,130.9,1.2
59769471,6,130.2,130.15,0.4082,0.1667,0.0031,129.7,130.9,1.2
58398781,3,242.1333,241.9,0.4028,0.1622,0.0017,241.8,242.7,0.9
54222822,2,218.6,218.6,0.4,0.16,0.0018,218.2,219.0,0.8
55104212,4,106.5,106.4,0.3937,0.155,0.0037,106.1,107.1,1.0
64796630,4,106.5,106.4,0.3937,0.155,0.0037,106.1,107.1,1.0
66735158,4,118.5,118.55,0.3937,0.155,0.0033,117.9,119.0,1.1
54324453,6,120.7333,120.7,0.3902,0.1522,0.0032,120.3,121.4,1.1
54137596,6,124.2833,124.25,0.3804,0.1447,0.0031,123.8,124.9,1.1
54139308,6,124.2833,124.25,0.3804,0.1447,0.0031,123.8,124.9,1.1
54214835,6,124.2833,124.25,0.3804,0.1447,0.0031,123.8,124.9,1.1
54218705,6,124.2833,124.25,0.3804,0.1447,0.0031,123.8,124.9,1.1
54222472,6,124.2833,124.25,0.3804,0.1447,0.0031,123.8,124.9,1.1
54239478,6,124.2833,124.25,0.3804,0.1447,0.0031,123.8,124.9,1.1
54998917,6,124.2833,124.25,0.3804,0.1447,0.0031,123.8,124.9,1.1
55487905,6,124.2833,124.25,0.3804,0.1447,0.0031,123.8,124.9,1.1
53617942,6,118.4,118.45,0.3697,0.1367,0.0031,117.9,119.0,1.1
53713302,6,118.4,118.45,0.3697,0.1367,0.0031,117.9,119.0,1.1
53717128,6,118.4,118.45,0.3697,0.1367,0.0031,117.9,119.0,1.1
53720617,6,118.4,118.45,0.3697,0.1367,0.0031,117.9,119.0,1.1
54051647,6,118.4,118.45,0.3697,0.1367,0.0031,117.9,119.0,1.1
54472609,6,118.4,118.45,0.3697,0.1367,0.0031,117.9,119.0,1.1
54529615,6,118.4,118.45,0.3697,0.1367,0.0031,117.9,119.0,1.1
55828296,6,118.4,118.45,0.3697,0.1367,0.0031,117.9,119.0,1.1
63169176,6,118.4,118.45,0.3697,0.1367,0.0031,117.9,119.0,1.1
63170801,6,118.4,118.45,0.3697,0.1367,0.0031,117.9,119.0,1.1
61428204,6,119.1667,119.15,0.3682,0.1356,0.0031,118.7,119.8,1.1
53373961,6,118.3667,118.35,0.3682,0.1356,0.0031,117.9,119.0,1.1
53413355,6,118.3667,118.35,0.3682,0.1356,0.0031,117.9,119.0,1.1
53439276,6,118.3667,118.35,0.3682,0.1356,0.0031,117.9,119.0,1.1
53525478,6,118.3667,118.35,0.3682,0.1356,0.0031,117.9,119.0,1.1
53555100,6,118.3667,118.35,0.3682,0.1356,0.0031,117.9,119.0,1.1
53940167,6,118.3667,118.35,0.3682,0.1356,0.0031,117.9,119.0,1.1
54024254,6,118.3667,118.35,0.3682,0.1356,0.0031,117.9,119.0,1.1
54053381,6,118.3667,118.35,0.3682,0.1356,0.0031,117.9,119.0,1.1
54075917,6,118.3667,118.35,0.3682,0.1356,0.0031,117.9,119.0,1.1
54166562,6,118.3667,118.35,0.3682,0.1356,0.0031,117.9,119.0,1.1
54582424,6,118.3667,118.35,0.3682,0.1356,0.0031,117.9,119.0,1.1
57006018,6,118.3667,118.35,0.3682,0.1356,0.0031,117.9,119.0,1.1
57388462,6,118.3667,118.35,0.3682,0.1356,0.0031,117.9,119.0,1.1
60221227,6,118.3667,118.35,0.3682,0.1356,0.0031,117.9,119.0,1.1
60439527,6,118.3667,118.35,0.3682,0.1356,0.0031,117.9,119.0,1.1
63048923,6,118.3667,118.35,0.3682,0.1356,0.0031,117.9,119.0,1.1
64858611,6,118.3667,118.35,0.3682,0.1356,0.0031,117.9,119.0,1.1
66401424,6,118.3667,118.35,0.3682,0.1356,0.0031,117.9,119.0,1.1
66697123,3,135.2333,135.2,0.3682,0.1356,0.0027,134.8,135.7,0.9
54142483,6,112.4333,112.4,0.3448,0.1189,0.0031,112.0,113.0,1.0
54224930,6,112.4333,112.4,0.3448,0.1189,0.0031,112.0,113.0,1.0
53393260,6,106.5333,106.5,0.3448,0.1189,0.0032,106.1,107.1,1.0
53407814,6,106.5333,106.5,0.3448,0.1189,0.0032,106.1,107.1,1.0
53410127,6,106.5333,106.5,0.3448,0.1189,0.0032,106.1,107.1,1.0
53418701,6,106.5333,106.5,0.3448,0.1189,0.0032,106.1,107.1,1.0
53419308,6,106.5333,106.5,0.3448,0.1189,0.0032,106.1,107.1,1.0
53419701,6,106.5333,106.5,0.3448,0.1189,0.0032,106.1,107.1,1.0
53467783,6,106.5333,106.5,0.3448,0.1189,0.0032,106.1,107.1,1.0
53619181,6,106.5333,106.5,0.3448,0.1189,0.0032,106.1,107.1,1.0
53810040,6,106.5333,106.5,0.3448,0.1189,0.0032,106.1,107.1,1.0
54109076,6,106.5333,106.5,0.3448,0.1189,0.0032,106.1,107.1,1.0
54410296,6,106.5333,106.5,0.3448,0.1189,0.0032,106.1,107.1,1.0
54421710,6,106.5333,106.5,0.3448,0.1189,0.0032,106.1,107.1,1.0
59113738,6,106.5333,106.5,0.3448,0.1189,0.0032,106.1,107.1,1.0
59939593,6,106.5333,106.5,0.3448,0.1189,0.0032,106.1,107.1,1.0
60647802,6,106.5333,106.5,0.3448,0.1189,0.0032,106.1,107.1,1.0
64902844,6,106.5333,106.5,0.3448,0.1189,0.0032,106.1,107.1,1.0
54575104,6,106.5833,106.65,0.3436,0.1181,0.0032,106.1,107.1,1.0
54584947,6,106.5833,106.65,0.3436,0.1181,0.0032,106.1,107.1,1.0
55972998,6,106.5833,106.65,0.3436,0.1181,0.0032,106.1,107.1,1.0
64295797,6,106.5833,106.65,0.3436,0.1181,0.0032,106.1,107.1,1.0
66002340,6,106.5833,106.65,0.3436,0.1181,0.0032,106.1,107.1,1.0
61839231,6,112.45,112.45,0.3403,0.1158,0.003,112.0,113.0,1.0
63452429,4,94.675,94.55,0.3269,0.1069,0.0035,94.4,95.2,0.8
66466052,6,101.2667,101.35,0.3197,0.1022,0.0032,100.8,101.7,0.9
66697711,6,101.2667,101.35,0.3197,0.1022,0.0032,100.8,101.7,0.9
53368418,6,98.2667,98.25,0.3197,0.1022,0.0033,97.9,98.8,0.9
54250831,5,112.52,112.5,0.3124,0.0976,0.0028,112.1,113.0,0.9
54250832,5,112.52,112.5,0.3124,0.0976,0.0028,112.1,113.0,0.9
53606468,5,94.7,94.6,0.3098,0.096,0.0033,94.4,95.2,0.8
64345962,5,94.7,94.6,0.3098,0.096,0.0033,94.4,95.2,0.8
53864019,6,100.6333,100.7,0.3091,0.0956,0.0031,100.2,101.1,0.9
53866330,6,100.6333,100.7,0.3091,0.0956,0.0031,100.2,101.1,0.9
53866331,6,100.6333,100.7,0.3091,0.0956,0.0031,100.2,101.1,0.9
54049082,6,100.6333,100.7,0.3091,0.0956,0.0031,100.2,101.1,0.9
54549667,6,100.6333,100.7,0.3091,0.0956,0.0031,100.2,101.1,0.9
54549674,6,100.6333,100.7,0.3091,0.0956,0.0031,100.2,101.1,0.9
54570499,6,100.6333,100.7,0.3091,0.0956,0.0031,100.2,101.1,0.9
54572869,6,100.6333,100.7,0.3091,0.0956,0.0031,100.2,101.1,0.9
54573063,6,100.6333,100.7,0.3091,0.0956,0.0031,100.2,101.1,0.9
54573661,6,100.6333,100.7,0.3091,0.0956,0.0031,100.2,101.1,0.9
54573914,6,100.6333,100.7,0.3091,0.0956,0.0031,100.2,101.1,0.9
55593930,6,100.6333,100.7,0.3091,0.0956,0.0031,100.2,101.1,0.9
65114099,6,100.6333,100.7,0.3091,0.0956,0.0031,100.2,101.1,0.9
53727493,5,94.72,94.7,0.3059,0.0936,0.0032,94.4,95.2,0.8
53661860,6,95.8833,95.85,0.3023,0.0914,0.0032,95.5,96.4,0.9
54436057,6,95.8833,95.85,0.3023,0.0914,0.0032,95.5,96.4,0.9
54545172,6,95.9167,95.95,0.3023,0.0914,0.0032,95.5,96.4,0.9
55161385,6,95.9167,95.95,0.3023,0.0914,0.0032,95.5,96.4,0.9
54322755,6,101.7833,101.75,0.3023,0.0914,0.003,101.4,102.3,0.9
54375921,6,101.7833,101.75,0.3023,0.0914,0.003,101.4,102.3,0.9
65059338,6,100.5833,100.55,0.3023,0.0914,0.003,100.2,101.1,0.9
65316485,6,100.5833,100.55,0.3023,0.0914,0.003,100.2,101.1,0.9
66173210,6,85.25,85.3,0.2872,0.0825,0.0034,84.9,85.7,0.8
60519221,6,95.6167,95.7,0.2853,0.0814,0.003,95.2,96.0,0.8
53420558,6,94.7,94.65,0.2828,0.08,0.003,94.4,95.2,0.8
53453680,6,94.7,94.65,0.2828,0.08,0.003,94.4,95.2,0.8
53591509,6,94.7,94.65,0.2828,0.08,0.003,94.4,95.2,0.8
53606842,6,94.7,94.65,0.2828,0.08,0.003,94.4,95.2,0.8
53878896,6,94.7,94.65,0.2828,0.08,0.003,94.4,95.2,0.8
53985258,6,94.7,94.65,0.2828,0.08,0.003,94.4,95.2,0.8
53992837,6,94.7,94.65,0.2828,0.08,0.003,94.4,95.2,0.8
54073986,6,94.7,94.65,0.2828,0.08,0.003,94.4,95.2,0.8
54074053,6,94.7,94.65,0.2828,0.08,0.003,94.4,95.2,0.8
54223993,6,94.7,94.65,0.2828,0.08,0.003,94.4,95.2,0.8
54410277,6,94.7,94.65,0.2828,0.08,0.003,94.4,95.2,0.8
54427546,6,85.2,85.15,0.2828,0.08,0.0033,84.9,85.7,0.8
54428098,6,85.2,85.15,0.2828,0.08,0.0033,84.9,85.7,0.8
54430249,6,85.2,85.15,0.2828,0.08,0.0033,84.9,85.7,0.8
54443614,6,85.2,85.15,0.2828,0.08,0.0033,84.9,85.7,0.8
54446096,6,94.7,94.65,0.2828,0.08,0.003,94.4,95.2,0.8
54446145,6,94.7,94.65,0.2828,0.08,0.003,94.4,95.2,0.8
54447608,6,94.7,94.65,0.2828,0.08,0.003,94.4,95.2,0.8
54468823,6,94.7,94.65,0.2828,0.08,0.003,94.4,95.2,0.8
54483957,6,94.7,94.65,0.2828,0.08,0.003,94.4,95.2,0.8
54660990,6,94.7,94.65,0.2828,0.08,0.003,94.4,95.2,0.8
54666154,6,94.7,94.65,0.2828,0.08,0.003,94.4,95.2,0.8
54686864,6,94.7,94.65,0.2828,0.08,0.003,94.4,95.2,0.8
54688452,6,94.7,94.65,0.2828,0.08,0.003,94.4,95.2,0.8
54688469,6,94.7,94.65,0.2828,0.08,0.003,94.4,95.2,0.8
54959086,6,94.7,94.65,0.2828,0.08,0.003,94.4,95.2,0.8
55103367,6,94.7,94.65,0.2828,0.08,0.003,94.4,95.2,0.8
55967124,6,94.7,94.65,0.2828,0.08,0.003,94.4,95.2,0.8
56691920,6,94.7,94.65,0.2828,0.08,0.003,94.4,95.2,0.8
56901591,6,94.7,94.65,0.2828,0.08,0.003,94.4,95.2,0.8
57233767,6,94.7,94.65,0.2828,0.08,0.003,94.4,95.2,0.8
58994424,6,94.7,94.65,0.2828,0.08,0.003,94.4,95.2,0.8
59583086,6,94.7,94.65,0.2828,0.08,0.003,94.4,95.2,0.8
60199793,6,94.7,94.65,0.2828,0.08,0.003,94.4,95.2,0.8
61734037,6,94.7,94.65,0.2828,0.08,0.003,94.4,95.2,0.8
62647179,6,94.7,94.65,0.2828,0.08,0.003,94.4,95.2,0.8
63141783,6,94.7,94.65,0.2828,0.08,0.003,94.4,95.2,0.8
63238739,6,94.7,94.65,0.2828,0.08,0.003,94.4,95.2,0.8
63308601,6,94.7,94.65,0.2828,0.08,0.003,94.4,95.2,0.8
64521531,6,94.7,94.65,0.2828,0.08,0.003,94.4,95.2,0.8
64636107,6,94.7,94.65,0.2828,0.08,0.003,94.4,95.2,0.8
64675777,6,94.7,94.65,0.2828,0.08,0.003,94.4,95.2,0.8
64675780,6,94.7,94.65,0.2828,0.08,0.003,94.4,95.2,0.8
64941867,6,94.7,94.65,0.2828,0.08,0.003,94.4,95.2,0.8
65138583,6,94.7,94.65,0.2828,0.08,0.003,94.4,95.2,0.8
65138584,6,94.7,94.65,0.2828,0.08,0.003,94.4,95.2,0.8
65432379,6,94.7,94.65,0.2828,0.08,0.003,94.4,95.2,0.8
65484076,6,94.7,94.65,0.2828,0.08,0.003,94.4,95.2,0.8
65510436,6,94.7,94.65,0.2828,0.08,0.003,94.4,95.2,0.8
65511004,6,94.7,94.65,0.2828,0.08,0.003,94.4,95.2,0.8
65558491,6,94.7,94.65,0.2828,0.08,0.003,94.4,95.2,0.8
66444857,6,85.2,85.15,0.2828,0.08,0.0033,84.9,85.7,0.8
54027084,6,88.8,88.75,0.2828,0.08,0.0032,88.5,89.3,0.8
54126407,6,88.8,88.75,0.2828,0.08,0.0032,88.5,89.3,0.8
54018118,6,88.8333,88.85,0.2809,0.0789,0.0032,88.5,89.3,0.8
54064332,6,88.8333,88.85,0.2809,0.0789,0.0032,88.5,89.3,0.8
53397731,6,94.7333,94.75,0.2809,0.0789,0.003,94.4,95.2,0.8
53429617,6,94.7333,94.75,0.2809,0.0789,0.003,94.4,95.2,0.8
53501898,6,94.7333,94.75,0.2809,0.0789,0.003,94.4,95.2,0.8
53705104,6,94.7333,94.75,0.2809,0.0789,0.003,94.4,95.2,0.8
53913410,6,94.7333,94.75,0.2809,0.0789,0.003,94.4,95.2,0.8
54035815,6,94.7333,94.75,0.2809,0.0789,0.003,94.4,95.2,0.8
54080780,6,94.7333,94.75,0.2809,0.0789,0.003,94.4,95.2,0.8
54505247,6,94.7333,94.75,0.2809,0.0789,0.003,94.4,95.2,0.8
54556301,6,94.7333,94.75,0.2809,0.0789,0.003,94.4,95.2,0.8
56097887,6,94.7333,94.75,0.2809,0.0789,0.003,94.4,95.2,0.8
56268870,6,94.7333,94.75,0.2809,0.0789,0.003,94.4,95.2,0.8
57180324,6,94.7333,94.75,0.2809,0.0789,0.003,94.4,95.2,0.8
57182287,6,94.7333,94.75,0.2809,0.0789,0.003,94.4,95.2,0.8
57894044,6,94.7333,94.75,0.2809,0.0789,0.003,94.4,95.2,0.8
57894045,6,94.7333,94.75,0.2809,0.0789,0.003,94.4,95.2,0.8
58671369,6,94.7333,94.75,0.2809,0.0789,0.003,94.4,95.2,0.8
58671370,6,94.7333,94.75,0.2809,0.0789,0.003,94.4,95.2,0.8
59564435,6,94.7333,94.75,0.2809,0.0789,0.003,94.4,95.2,0.8
60048848,6,94.7333,94.75,0.2809,0.0789,0.003,94.4,95.2,0.8
60133533,6,94.7333,94.75,0.2809,0.0789,0.003,94.4,95.2,0.8
60207964,6,94.7333,94.75,0.2809,0.0789,0.003,94.4,95.2,0.8
63687615,6,94.7333,94.75,0.2809,0.0789,0.003,94.4,95.2,0.8
63687620,6,94.7333,94.75,0.2809,0.0789,0.003,94.4,95.2,0.8
65400023,6,94.7333,94.75,0.2809,0.0789,0.003,94.4,95.2,0.8
65735585,6,94.7333,94.75,0.2809,0.0789,0.003,94.4,95.2,0.8
66208956,6,94.7333,94.75,0.2809,0.0789,0.003,94.4,95.2,0.8
53656183,6,89.5,89.5,0.2769,0.0767,0.0031,89.2,90.0,0.8
53656387,6,89.5,89.5,0.2769,0.0767,0.0031,89.2,90.0,0.8
64643597,6,95.5667,95.55,0.2749,0.0756,0.0029,95.2,96.0,0.8
53477126,5,94.76,94.7,0.2728,0.0744,0.0029,94.4,95.2,0.8
54267520,5,94.76,94.7,0.2728,0.0744,0.0029,94.4,95.2,0.8
62199608,5,94.76,94.7,0.2728,0.0744,0.0029,94.4,95.2,0.8
54335221,6,84.0833,84.15,0.2672,0.0714,0.0032,83.7,84.5,0.8
54341466,6,84.0833,84.15,0.2672,0.0714,0.0032,83.7,84.5,0.8
54345881,6,84.0833,84.15,0.2672,0.0714,0.0032,83.7,84.5,0.8
53833336,6,84.05,84.05,0.263,0.0692,0.0031,83.7,84.5,0.8
53833699,6,84.05,84.05,0.263,0.0692,0.0031,83.7,84.5,0.8
54323239,6,84.05,84.05,0.263,0.0692,0.0031,83.7,84.5,0.8
54359584,6,84.05,84.05,0.263,0.0692,0.0031,83.7,84.5,0.8
54359903,6,84.05,84.05,0.263,0.0692,0.0031,83.7,84.5,0.8
54359991,6,84.05,84.05,0.263,0.0692,0.0031,83.7,84.5,0.8
54360181,6,84.05,84.05,0.263,0.0692,0.0031,83.7,84.5,0.8
58937123,6,84.05,84.05,0.263,0.0692,0.0031,83.7,84.5,0.8
58937124,6,84.05,84.05,0.263,0.0692,0.0031,83.7,84.5,0.8
54777181,3,141.7333,141.6,0.2625,0.0689,0.0019,141.5,142.1,0.6
60125941,6,89.9833,89.95,0.2544,0.0647,0.0028,89.7,90.4,0.7
53954187,6,80.5167,80.55,0.2544,0.0647,0.0032,80.2,80.9,0.7
53655666,6,85.2333,85.15,0.2494,0.0622,0.0029,85.0,85.7,0.7
53380963,6,82.9,82.95,0.2449,0.06,0.003,82.6,83.3,0.7
53431833,6,82.9,82.95,0.2449,0.06,0.003,82.6,83.3,0.7
53475815,6,82.9,82.95,0.2449,0.06,0.003,82.6,83.3,0.7
53727895,6,82.9,82.95,0.2449,0.06,0.003,82.6,83.3,0.7
54057262,6,82.9,82.95,0.2449,0.06,0.003,82.6,83.3,0.7
54061739,6,82.9,82.95,0.2449,0.06,0.003,82.6,83.3,0.7
54061753,6,82.9,82.95,0.2449,0.06,0.003,82.6,83.3,0.7
58433455,6,82.9,82.95,0.2449,0.06,0.003,82.6,83.3,0.7
61732495,6,82.9,82.95,0.2449,0.06,0.003,82.6,83.3,0.7
64809217,6,82.9,82.95,0.2449,0.06,0.003,82.6,83.3,0.7
65255097,6,82.9,82.95,0.2449,0.06,0.003,82.6,83.3,0.7
65392594,6,77.6,77.65,0.2449,0.06,0.0032,77.3,78.0,0.7
53520184,6,82.8667,82.85,0.2427,0.0589,0.0029,82.6,83.3,0.7
53877017,6,82.8667,82.85,0.2427,0.0589,0.0029,82.6,83.3,0.7
53877812,6,82.8667,82.85,0.2427,0.0589,0.0029,82.6,83.3,0.7
53916640,6,82.8667,82.85,0.2427,0.0589,0.0029,82.6,83.3,0.7
53932790,6,82.8667,82.85,0.2427,0.0589,0.0029,82.6,83.3,0.7
53938447,6,82.8667,82.85,0.2427,0.0589,0.0029,82.6,83.3,0.7
54052693,6,82.8667,82.85,0.2427,0.0589,0.0029,82.6,83.3,0.7
54163225,6,82.8667,82.85,0.2427,0.0589,0.0029,82.6,83.3,0.7
54265057,6,82.8667,82.85,0.2427,0.0589,0.0029,82.6,83.3,0.7
54291215,6,82.8667,82.85,0.2427,0.0589,0.0029,82.6,83.3,0.7
56108623,6,82.8667,82.85,0.2427,0.0589,0.0029,82.6,83.3,0.7
56228413,6,82.8667,82.85,0.2427,0.0589,0.0029,82.6,83.3,0.7
56350334,6,82.8667,82.85,0.2427,0.0589,0.0029,82.6,83.3,0.7
56920584,6,82.8667,82.85,0.2427,0.0589,0.0029,82.6,83.3,0.7
56920585,6,82.8667,82.85,0.2427,0.0589,0.0029,82.6,83.3,0.7
59888970,6,82.8667,82.85,0.2427,0.0589,0.0029,82.6,83.3,0.7
60226053,6,82.8667,82.85,0.2427,0.0589,0.0029,82.6,83.3,0.7
60226057,6,82.8667,82.85,0.2427,0.0589,0.0029,82.6,83.3,0.7
60226848,6,82.8667,82.85,0.2427,0.0589,0.0029,82.6,83.3,0.7
63387889,6,73.3667,73.35,0.2427,0.0589,0.0033,73.1,73.8,0.7
63390872,6,82.8667,82.85,0.2427,0.0589,0.0029,82.6,83.3,0.7
64048539,6,82.8667,82.85,0.2427,0.0589,0.0029,82.6,83.3,0.7
64048622,6,82.8667,82.85,0.2427,0.0589,0.0029,82.6,83.3,0.7
64789477,6,82.8667,82.85,0.2427,0.0589,0.0029,82.6,83.3,0.7
64800332,6,82.8667,82.85,0.2427,0.0589,0.0029,82.6,83.3,0.7
64800345,6,82.8667,82.85,0.2427,0.0589,0.0029,82.6,83.3,0.7
64823034,6,82.8667,82.85,0.2427,0.0589,0.0029,82.6,83.3,0.7
65116987,6,82.8667,82.85,0.2427,0.0589,0.0029,82.6,83.3,0.7
66439372,6,82.8667,82.85,0.2427,0.0589,0.0029,82.6,83.3,0.7
53825961,6,72.2,72.15,0.238,0.0567,0.0033,71.9,72.6,0.7
53833931,6,72.2,72.15,0.238,0.0567,0.0033,71.9,72.6,0.7
54341230,6,72.2,72.15,0.238,0.0567,0.0033,71.9,72.6,0.7
54354638,6,72.2,72.15,0.238,0.0567,0.0033,71.9,72.6,0.7
54358408,6,72.2,72.15,0.238,0.0567,0.0033,71.9,72.6,0.7
54360248,6,72.2,72.15,0.238,0.0567,0.0033,71.9,72.6,0.7
54382680,6,72.2,72.15,0.238,0.0567,0.0033,71.9,72.6,0.7
54387551,6,72.2,72.15,0.238,0.0567,0.0033,71.9,72.6,0.7
54382401,6,78.1333,78.15,0.2357,0.0556,0.003,77.8,78.5,0.7
54360056,6,72.2333,72.25,0.2357,0.0556,0.0033,71.9,72.6,0.7
54363441,6,72.2333,72.25,0.2357,0.0556,0.0033,71.9,72.6,0.7
55161324,6,72.2333,72.25,0.2357,0.0556,0.0033,71.9,72.6,0.7
54337899,6,78.1167,78.1,0.2339,0.0547,0.003,77.8,78.5,0.7
54380915,6,78.1167,78.1,0.2339,0.0547,0.003,77.8,78.5,0.7
53880349,5,71.04,71.0,0.2332,0.0544,0.0033,70.8,71.4,0.6
56811487,5,71.04,71.0,0.2332,0.0544,0.0033,70.8,71.4,0.6
64336350,5,71.04,71.0,0.2332,0.0544,0.0033,70.8,71.4,0.6
61796804,3,112.2,112.1,0.216,0.0467,0.0019,112.0,112.5,0.5
61705839,3,129.9,129.8,0.216,0.0467,0.0017,129.7,130.2,0.5
53549027,6,71.05,71.05,0.2141,0.0458,0.003,70.8,71.4,0.6
53848794,6,71.05,71.05,0.2141,0.0458,0.003,70.8,71.4,0.6
53848801,6,71.05,71.05,0.2141,0.0458,0.003,70.8,71.4,0.6
53848803,6,71.05,71.05,0.2141,0.0458,0.003,70.8,71.4,0.6
53869465,6,71.05,71.05,0.2141,0.0458,0.003,70.8,71.4,0.6
53883759,6,71.05,71.05,0.2141,0.0458,0.003,70.8,71.4,0.6
54054291,6,71.05,71.05,0.2141,0.0458,0.003,70.8,71.4,0.6
54064934,6,71.05,71.05,0.2141,0.0458,0.003,70.8,71.4,0.6
54479020,6,71.05,71.05,0.2141,0.0458,0.003,70.8,71.4,0.6
54571054,6,71.05,71.05,0.2141,0.0458,0.003,70.8,71.4,0.6
55987886,6,71.05,71.05,0.2141,0.0458,0.003,70.8,71.4,0.6
55987887,6,71.05,71.05,0.2141,0.0458,0.003,70.8,71.4,0.6
55987888,6,71.05,71.05,0.2141,0.0458,0.003,70.8,71.4,0.6
55987889,6,71.05,71.05,0.2141,0.0458,0.003,70.8,71.4,0.6
56810305,6,71.05,71.05,0.2141,0.0458,0.003,70.8,71.4,0.6
56933451,6,71.05,71.05,0.2141,0.0458,0.003,70.8,71.4,0.6
56933452,6,71.05,71.05,0.2141,0.0458,0.003,70.8,71.4,0.6
56974744,6,71.05,71.05,0.2141,0.0458,0.003,70.8,71.4,0.6
58228809,6,71.05,71.05,0.2141,0.0458,0.003,70.8,71.4,0.6
58830597,6,71.05,71.05,0.2141,0.0458,0.003,70.8,71.4,0.6
58830598,6,71.05,71.05,0.2141,0.0458,0.003,70.8,71.4,0.6
58830599,6,71.05,71.05,0.2141,0.0458,0.003,70.8,71.4,0.6
58830600,6,71.05,71.05,0.2141,0.0458,0.003,70.8,71.4,0.6
59572698,6,71.05,71.05,0.2141,0.0458,0.003,70.8,71.4,0.6
60280265,6,71.05,71.05,0.2141,0.0458,0.003,70.8,71.4,0.6
60410030,6,71.05,71.05,0.2141,0.0458,0.003,70.8,71.4,0.6
60410177,6,71.05,71.05,0.2141,0.0458,0.003,70.8,71.4,0.6
65876184,6,71.05,71.05,0.2141,0.0458,0.003,70.8,71.4,0.6
64295799,6,61.55,61.55,0.2141,0.0458,0.0035,61.3,61.9,0.6
54004599,6,76.95,76.95,0.2141,0.0458,0.0028,76.7,77.3,0.6
54006448,6,76.95,76.95,0.2141,0.0458,0.0028,76.7,77.3,0.6
54017984,6,76.95,76.95,0.2141,0.0458,0.0028,76.7,77.3,0.6
54137828,6,76.95,76.95,0.2141,0.0458,0.0028,76.7,77.3,0.6
54141407,6,76.95,76.95,0.2141,0.0458,0.0028,76.7,77.3,0.6
60226162,6,76.95,76.95,0.2141,0.0458,0.0028,76.7,77.3,0.6
60226169,6,76.95,76.95,0.2141,0.0458,0.0028,76.7,77.3,0.6
65059352,6,76.95,76.95,0.2141,0.0458,0.0028,76.7,77.3,0.6
65059353,6,76.95,76.95,0.2141,0.0458,0.0028,76.7,77.3,0.6
53610225,6,71.0333,71.0,0.2134,0.0456,0.003,70.8,71.4,0.6
53713162,6,71.0333,71.0,0.2134,0.0456,0.003,70.8,71.4,0.6
53842661,6,71.0333,71.0,0.2134,0.0456,0.003,70.8,71.4,0.6
53852853,6,71.0333,71.0,0.2134,0.0456,0.003,70.8,71.4,0.6
53879747,6,71.0333,71.0,0.2134,0.0456,0.003,70.8,71.4,0.6
53986991,6,71.0333,71.0,0.2134,0.0456,0.003,70.8,71.4,0.6
54010542,6,71.0333,71.0,0.2134,0.0456,0.003,70.8,71.4,0.6
54017270,6,71.0333,71.0,0.2134,0.0456,0.003,70.8,71.4,0.6
54026243,6,71.0333,71.0,0.2134,0.0456,0.003,70.8,71.4,0.6
54038218,6,71.0333,71.0,0.2134,0.0456,0.003,70.8,71.4,0.6
54058306,6,71.0333,71.0,0.2134,0.0456,0.003,70.8,71.4,0.6
54228797,6,71.0333,71.0,0.2134,0.0456,0.003,70.8,71.4,0.6
54267069,6,71.0333,71.0,0.2134,0.0456,0.003,70.8,71.4,0.6
54635161,6,71.0333,71.0,0.2134,0.0456,0.003,70.8,71.4,0.6
54635239,6,71.0333,71.0,0.2134,0.0456,0.003,70.8,71.4,0.6
54635308,6,71.0333,71.0,0.2134,0.0456,0.003,70.8,71.4,0.6
54644988,6,71.0333,71.0,0.2134,0.0456,0.003,70.8,71.4,0.6
54652147,6,71.0333,71.0,0.2134,0.0456,0.003,70.8,71.4,0.6
54652331,6,71.0333,71.0,0.2134,0.0456,0.003,70.8,71.4,0.6
54656176,6,71.0333,71.0,0.2134,0.0456,0.003,70.8,71.4,0.6
54656602,6,71.0333,71.0,0.2134,0.0456,0.003,70.8,71.4,0.6
55743091,6,71.0333,71.0,0.2134,0.0456,0.003,70.8,71.4,0.6
55972746,6,71.0333,71.0,0.2134,0.0456,0.003,70.8,71.4,0.6
58950529,6,71.0333,71.0,0.2134,0.0456,0.003,70.8,71.4,0.6
63196643,6,71.0333,71.0,0.2134,0.0456,0.003,70.8,71.4,0.6
64333072,6,71.0333,71.0,0.2134,0.0456,0.003,70.8,71.4,0.6
65709762,6,71.0333,71.0,0.2134,0.0456,0.003,70.8,71.4,0.6
66387038,6,71.0333,71.0,0.2134,0.0456,0.003,70.8,71.4,0.6
53679703,6,63.9333,63.9,0.2134,0.0456,0.0033,63.7,64.3,0.6
54428103,6,63.9333,63.9,0.2134,0.0456,0.0033,63.7,64.3,0.6
63351902,4,59.2,59.15,0.2121,0.045,0.0036,59.0,59.5,0.5
54118497,6,65.1,65.05,0.2082,0.0433,0.0032,64.9,65.5,0.6
54126464,6,65.1,65.05,0.2082,0.0433,0.0032,64.9,65.5,0.6
55500790,3,83.0333,83.0,0.2055,0.0422,0.0025,82.8,83.3,0.5
64295796,6,65.1333,65.15,0.2055,0.0422,0.0032,64.9,65.5,0.6
53819760,6,60.4,60.45,0.2,0.04,0.0033,60.1,60.7,0.6
53824358,6,60.4,60.45,0.2,0.04,0.0033,60.1,60.7,0.6
54389246,6,60.4,60.45,0.2,0.04,0.0033,60.1,60.7,0.6
54389283,6,60.4,60.45,0.2,0.04,0.0033,60.1,60.7,0.6
54389284,6,60.4,60.45,0.2,0.04,0.0033,60.1,60.7,0.6
54389563,6,60.4,60.45,0.2,0.04,0.0033,60.1,60.7,0.6
54389838,6,60.4,60.45,0.2,0.04,0.0033,60.1,60.7,0.6
53820701,6,60.3667,60.35,0.1972,0.0389,0.0033,60.1,60.7,0.6
53820707,6,60.3667,60.35,0.1972,0.0389,0.0033,60.1,60.7,0.6
53824510,6,60.3667,60.35,0.1972,0.0389,0.0033,60.1,60.7,0.6
53828430,6,60.3667,60.35,0.1972,0.0389,0.0033,60.1,60.7,0.6
54307932,6,60.3667,60.35,0.1972,0.0389,0.0033,60.1,60.7,0.6
54345760,6,60.3667,60.35,0.1972,0.0389,0.0033,60.1,60.7,0.6
54378877,6,60.3667,60.35,0.1972,0.0389,0.0033,60.1,60.7,0.6
54385393,6,60.3667,60.35,0.1972,0.0389,0.0033,60.1,60.7,0.6
54387781,6,60.3667,60.35,0.1972,0.0389,0.0033,60.1,60.7,0.6
54389700,6,60.3667,60.35,0.1972,0.0389,0.0033,60.1,60.7,0.6
54555307,5,59.22,59.3,0.1939,0.0376,0.0033,59.0,59.5,0.5
63043738,5,59.2,59.2,0.1897,0.036,0.0032,59.0,59.5,0.5
64574548,5,59.2,59.2,0.1897,0.036,0.0032,59.0,59.5,0.5
60132894,6,55.1167,55.15,0.1772,0.0314,0.0032,54.9,55.4,0.5
53520193,6,58.0167,58.05,0.1772,0.0314,0.0031,57.8,58.3,0.5
54205365,6,55.0833,55.05,0.1772,0.0314,0.0032,54.9,55.4,0.5
63145272,6,55.0833,55.05,0.1772,0.0314,0.0032,54.9,55.4,0.5
63591631,6,52.0833,52.05,0.1772,0.0314,0.0034,51.9,52.4,0.5
60538497,6,73.1167,73.15,0.1772,0.0314,0.0024,72.9,73.4,0.5
62516003,6,73.1167,73.15,0.1772,0.0314,0.0024,72.9,73.4,0.5
53397093,6,59.1833,59.15,0.1772,0.0314,0.003,59.0,59.5,0.5
53449037,6,59.1833,59.15,0.1772,0.0314,0.003,59.0,59.5,0.5
53458852,6,59.1833,59.15,0.1772,0.0314,0.003,59.0,59.5,0.5
53467208,6,59.1833,59.15,0.1772,0.0314,0.003,59.0,59.5,0.5
53469091,6,59.1833,59.15,0.1772,0.0314,0.003,59.0,59.5,0.5
53486158,6,59.1833,59.15,0.1772,0.0314,0.003,59.0,59.5,0.5
53490635,6,59.1833,59.15,0.1772,0.0314,0.003,59.0,59.5,0.5
53491539,6,59.1833,59.15,0.1772,0.0314,0.003,59.0,59.5,0.5
53517436,6,59.1833,59.15,0.1772,0.0314,0.003,59.0,59.5,0.5
53585126,6,59.1833,59.15,0.1772,0.0314,0.003,59.0,59.5,0.5
53608557,6,59.1833,59.15,0.1772,0.0314,0.003,59.0,59.5,0.5
53710187,6,59.1833,59.15,0.1772,0.0314,0.003,59.0,59.5,0.5
53719558,6,59.1833,59.15,0.1772,0.0314,0.003,59.0,59.5,0.5
53721299,6,59.1833,59.15,0.1772,0.0314,0.003,59.0,59.5,0.5
53725158,6,59.1833,59.15,0.1772,0.0314,0.003,59.0,59.5,0.5
53835906,6,59.1833,59.15,0.1772,0.0314,0.003,59.0,59.5,0.5
53919106,6,59.1833,59.15,0.1772,0.0314,0.003,59.0,59.5,0.5
53919107,6,59.1833,59.15,0.1772,0.0314,0.003,59.0,59.5,0.5
53923221,6,59.1833,59.15,0.1772,0.0314,0.003,59.0,59.5,0.5
53940481,6,59.1833,59.15,0.1772,0.0314,0.003,59.0,59.5,0.5
53943649,6,59.1833,59.15,0.1772,0.0314,0.003,59.0,59.5,0.5
54042782,6,59.1833,59.15,0.1772,0.0314,0.003,59.0,59.5,0.5
54042783,6,59.1833,59.15,0.1772,0.0314,0.003,59.0,59.5,0.5
54044470,6,59.1833,59.15,0.1772,0.0314,0.003,59.0,59.5,0.5
54055052,6,59.1833,59.15,0.1772,0.0314,0.003,59.0,59.5,0.5
54068941,6,59.1833,59.15,0.1772,0.0314,0.003,59.0,59.5,0.5
54071481,6,59.1833,59.15,0.1772,0.0314,0.003,59.0,59.5,0.5
54079016,6,59.1833,59.15,0.1772,0.0314,0.003,59.0,59.5,0.5
54095103,6,59.1833,59.15,0.1772,0.0314,0.003,59.0,59.5,0.5
54101072,6,59.1833,59.15,0.1772,0.0314,0.003,59.0,59.5,0.5
54154575,6,59.1833,59.15,0.1772,0.0314,0.003,59.0,59.5,0.5
54162484,6,59.1833,59.15,0.1772,0.0314,0.003,59.0,59.5,0.5
54166559,6,59.1833,59.15,0.1772,0.0314,0.003,59.0,59.5,0.5
54216988,6,59.1833,59.15,0.1772,0.0314,0.003,59.0,59.5,0.5
54241876,6,59.1833,59.15,0.1772,0.0314,0.003,59.0,59.5,0.5
54245118,6,59.1833,59.15,0.1772,0.0314,0.003,59.0,59.5,0.5
54250000,6,59.1833,59.15,0.1772,0.0314,0.003,59.0,59.5,0.5
54250208,6,59.1833,59.15,0.1772,0.0314,0.003,59.0,59.5,0.5
54270425,6,59.1833,59.15,0.1772,0.0314,0.003,59.0,59.5,0.5
54271847,6,59.1833,59.15,0.1772,0.0314,0.003,59.0,59.5,0.5
54281829,6,59.1833,59.15,0.1772,0.0314,0.003,59.0,59.5,0.5
54297434,6,59.1833,59.15,0.1772,0.0314,0.003,59.0,59.5,0.5
54399636,6,59.1833,59.15,0.1772,0.0314,0.003,59.0,59.5,0.5
54416780,6,59.1833,59.15,0.1772,0.0314,0.003,59.0,59.5,0.5
54418779,6,59.1833,59.15,0.1772,0.0314,0.003,59.0,59.5,0.5
54418782,6,59.1833,59.15,0.1772,0.0314,0.003,59.0,59.5,0.5
54434254,6,59.1833,59.15,0.1772,0.0314,0.003,59.0,59.5,0.5
54447415,6,59.1833,59.15,0.1772,0.0314,0.003,59.0,59.5,0.5
54447424,6,59.1833,59.15,0.1772,0.0314,0.003,59.0,59.5,0.5
54447425,6,59.1833,59.15,0.1772,0.0314,0.003,59.0,59.5,0.5
54468519,6,59.1833,59.15,0.1772,0.0314,0.003,59.0,59.5,0.5
54645153,6,59.1833,59.15,0.1772,0.0314,0.003,59.0,59.5,0.5
54671236,6,59.1833,59.15,0.1772,0.0314,0.003,59.0,59.5,0.5
54680056,6,59.1833,59.15,0.1772,0.0314,0.003,59.0,59.5,0.5
55068239,6,59.1833,59.15,0.1772,0.0314,0.003,59.0,59.5,0.5
55068240,6,59.1833,59.15,0.1772,0.0314,0.003,59.0,59.5,0.5
55708357,6,59.1833,59.15,0.1772,0.0314,0.003,59.0,59.5,0.5
56101920,6,59.1833,59.15,0.1772,0.0314,0.003,59.0,59.5,0.5
56566915,6,59.1833,59.15,0.1772,0.0314,0.003,59.0,59.5,0.5
57147922,6,59.1833,59.15,0.1772,0.0314,0.003,59.0,59.5,0.5
57361686,6,59.1833,59.15,0.1772,0.0314,0.003,59.0,59.5,0.5
57830354,6,59.1833,59.15,0.1772,0.0314,0.003,59.0,59.5,0.5
58702432,6,59.1833,59.15,0.1772,0.0314,0.003,59.0,59.5,0.5
59351317,6,59.1833,59.15,0.1772,0.0314,0.003,59.0,59.5,0.5
59351332,6,59.1833,59.15,0.1772,0.0314,0.003,59.0,59.5,0.5
61159009,6,59.1833,59.15,0.1772,0.0314,0.003,59.0,59.5,0.5
61159010,6,59.1833,59.15,0.1772,0.0314,0.003,59.0,59.5,0.5
61730744,6,59.1833,59.15,0.1772,0.0314,0.003,59.0,59.5,0.5
61779175,6,59.1833,59.15,0.1772,0.0314,0.003,59.0,59.5,0.5
62007019,6,59.1833,59.15,0.1772,0.0314,0.003,59.0,59.5,0.5
62187719,6,59.1833,59.15,0.1772,0.0314,0.003,59.0,59.5,0.5
62890188,6,56.1833,56.15,0.1772,0.0314,0.0032,56.0,56.5,0.5
62890190,6,56.1833,56.15,0.1772,0.0314,0.0032,56.0,56.5,0.5
64496467,6,59.1833,59.15,0.1772,0.0314,0.003,59.0,59.5,0.5
64572268,6,59.1833,59.15,0.1772,0.0314,0.003,59.0,59.5,0.5
64572269,6,59.1833,59.15,0.1772,0.0314,0.003,59.0,59.5,0.5
64572275,6,59.1833,59.15,0.1772,0.0314,0.003,59.0,59.5,0.5
64947839,6,59.1833,59.15,0.1772,0.0314,0.003,59.0,59.5,0.5
65057587,6,59.1833,59.15,0.1772,0.0314,0.003,59.0,59.5,0.5
65057619,6,59.1833,59.15,0.1772,0.0314,0.003,59.0,59.5,0.5
65264998,6,59.1833,59.15,0.1772,0.0314,0.003,59.0,59.5,0.5
65427076,6,59.1833,59.15,0.1772,0.0314,0.003,59.0,59.5,0.5
65427090,6,59.1833,59.15,0.1772,0.0314,0.003,59.0,59.5,0.5
65758942,6,59.1833,59.15,0.1772,0.0314,0.003,59.0,59.5,0.5
66544168,6,56.1833,56.15,0.1772,0.0314,0.0032,56.0,56.5,0.5
66703902,6,59.1833,59.15,0.1772,0.0314,0.003,59.0,59.5,0.5
53549530,6,59.2167,59.25,0.1772,0.0314,0.003,59.0,59.5,0.5
53573496,6,59.2167,59.25,0.1772,0.0314,0.003,59.0,59.5,0.5
53597130,6,59.2167,59.25,0.1772,0.0314,0.003,59.0,59.5,0.5
53662597,6,53.2833,53.25,0.1772,0.0314,0.0033,53.1,53.6,0.5
53674378,6,53.2833,53.25,0.1772,0.0314,0.0033,53.1,53.6,0.5
53721223,6,59.2167,59.25,0.1772,0.0314,0.003,59.0,59.5,0.5
53792102,6,59.2167,59.25,0.1772,0.0314,0.003,59.0,59.5,0.5
53847965,6,59.2167,59.25,0.1772,0.0314,0.003,59.0,59.5,0.5
53882587,6,59.2167,59.25,0.1772,0.0314,0.003,59.0,59.5,0.5
54484620,6,59.2167,59.25,0.1772,0.0314,0.003,59.0,59.5,0.5
54492383,6,59.2167,59.25,0.1772,0.0314,0.003,59.0,59.5,0.5
54492396,6,59.2167,59.25,0.1772,0.0314,0.003,59.0,59.5,0.5
54512254,6,59.2167,59.25,0.1772,0.0314,0.003,59.0,59.5,0.5
54531569,6,59.2167,59.25,0.1772,0.0314,0.003,59.0,59.5,0.5
54547063,6,59.2167,59.25,0.1772,0.0314,0.003,59.0,59.5,0.5
54571032,6,59.2167,59.25,0.1772,0.0314,0.003,59.0,59.5,0.5
54571340,6,59.2167,59.25,0.1772,0.0314,0.003,59.0,59.5,0.5
54573990,6,59.2167,59.25,0.1772,0.0314,0.003,59.0,59.5,0.5
54574525,6,59.2167,59.25,0.1772,0.0314,0.003,59.0,59.5,0.5
54585381,6,59.2167,59.25,0.1772,0.0314,0.003,59.0,59.5,0.5
54612069,6,59.2167,59.25,0.1772,0.0314,0.003,59.0,59.5,0.5
54634256,6,59.2167,59.25,0.1772,0.0314,0.003,59.0,59.5,0.5
54634380,6,59.2167,59.25,0.1772,0.0314,0.003,59.0,59.5,0.5
54678479,6,59.2167,59.25,0.1772,0.0314,0.003,59.0,59.5,0.5
56046798,6,59.2167,59.25,0.1772,0.0314,0.003,59.0,59.5,0.5
56109868,6,59.2167,59.25,0.1772,0.0314,0.003,59.0,59.5,0.5
56413832,6,59.2167,59.25,0.1772,0.0314,0.003,59.0,59.5,0.5
56890768,6,59.2167,59.25,0.1772,0.0314,0.003,59.0,59.5,0.5
57225601,6,59.2167,59.25,0.1772,0.0314,0.003,59.0,59.5,0.5
57768479,6,59.2167,59.25,0.1772,0.0314,0.003,59.0,59.5,0.5
59077572,6,53.2833,53.25,0.1772,0.0314,0.0033,53.1,53.6,0.5
59166460,6,59.2167,59.25,0.1772,0.0314,0.003,59.0,59.5,0.5
59184602,6,59.2167,59.25,0.1772,0.0314,0.003,59.0,59.5,0.5
59185397,6,59.2167,59.25,0.1772,0.0314,0.003,59.0,59.5,0.5
59245086,6,56.2167,56.25,0.1772,0.0314,0.0032,56.0,56.5,0.5
59245089,6,56.2167,56.25,0.1772,0.0314,0.0032,56.0,56.5,0.5
59320194,6,59.2167,59.25,0.1772,0.0314,0.003,59.0,59.5,0.5
60208724,6,59.2167,59.25,0.1772,0.0314,0.003,59.0,59.5,0.5
60539167,6,56.2167,56.25,0.1772,0.0314,0.0032,56.0,56.5,0.5
60539177,6,56.2167,56.25,0.1772,0.0314,0.0032,56.0,56.5,0.5
61070360,6,59.2167,59.25,0.1772,0.0314,0.003,59.0,59.5,0.5
61416229,6,56.2167,56.25,0.1772,0.0314,0.0032,56.0,56.5,0.5
61693784,6,59.2167,59.25,0.1772,0.0314,0.003,59.0,59.5,0.5
61693785,6,59.2167,59.25,0.1772,0.0314,0.003,59.0,59.5,0.5
61693786,6,59.2167,59.25,0.1772,0.0314,0.003,59.0,59.5,0.5
62148794,6,59.2167,59.25,0.1772,0.0314,0.003,59.0,59.5,0.5
62466708,6,59.2167,59.25,0.1772,0.0314,0.003,59.0,59.5,0.5
62470766,6,59.2167,59.25,0.1772,0.0314,0.003,59.0,59.5,0.5
62953076,6,59.2167,59.25,0.1772,0.0314,0.003,59.0,59.5,0.5
62953077,6,59.2167,59.25,0.1772,0.0314,0.003,59.0,59.5,0.5
63124125,6,59.2167,59.25,0.1772,0.0314,0.003,59.0,59.5,0.5
63351960,6,59.2167,59.25,0.1772,0.0314,0.003,59.0,59.5,0.5
63351992,6,59.2167,59.25,0.1772,0.0314,0.003,59.0,59.5,0.5
64248644,6,59.2167,59.25,0.1772,0.0314,0.003,59.0,59.5,0.5
64248645,6,59.2167,59.25,0.1772,0.0314,0.003,59.0,59.5,0.5
64630705,6,59.2167,59.25,0.1772,0.0314,0.003,59.0,59.5,0.5
64630721,6,59.2167,59.25,0.1772,0.0314,0.003,59.0,59.5,0.5
65400005,6,59.2167,59.25,0.1772,0.0314,0.003,59.0,59.5,0.5
65594680,6,59.2167,59.25,0.1772,0.0314,0.003,59.0,59.5,0.5
65594689,6,59.2167,59.25,0.1772,0.0314,0.003,59.0,59.5,0.5
65678183,6,59.2167,59.25,0.1772,0.0314,0.003,59.0,59.5,0.5
65749784,6,59.2167,59.25,0.1772,0.0314,0.003,59.0,59.5,0.5
61766112,6,67.4833,67.45,0.1772,0.0314,0.0026,67.3,67.8,0.5
61772965,6,67.4833,67.45,0.1772,0.0314,0.0026,67.3,67.8,0.5
61772978,6,67.4833,67.45,0.1772,0.0314,0.0026,67.3,67.8,0.5
62010234,6,67.4833,67.45,0.1772,0.0314,0.0026,67.3,67.8,0.5
62010239,6,67.4833,67.45,0.1772,0.0314,0.0026,67.3,67.8,0.5
62010243,6,67.4833,67.45,0.1772,0.0314,0.0026,67.3,67.8,0.5
53679064,6,55.4,55.4,0.1732,0.03,0.0031,55.2,55.7,0.5
53680043,6,55.4,55.4,0.1732,0.03,0.0031,55.2,55.7,0.5
53914784,3,94.9667,94.9,0.17,0.0289,0.0018,94.8,95.2,0.4
61749414,6,61.8667,61.85,0.17,0.0289,0.0027,61.7,62.2,0.5
61749415,6,61.8667,61.85,0.17,0.0289,0.0027,61.7,62.2,0.5
61114227,4,47.35,47.3,0.1658,0.0275,0.0035,47.2,47.6,0.4
66767101,3,71.2,71.2,0.1633,0.0267,0.0023,71.0,71.4,0.4
57524010,2,94.75,94.75,0.15,0.0225,0.0016,94.6,94.9,0.3
53847562,5,47.36,47.4,0.1497,0.0224,0.0032,47.2,47.6,0.4
54574587,5,47.36,47.4,0.1497,0.0224,0.0032,47.2,47.6,0.4
54579182,5,47.36,47.4,0.1497,0.0224,0.0032,47.2,47.6,0.4
54580238,5,47.36,47.4,0.1497,0.0224,0.0032,47.2,47.6,0.4
54597165,5,47.36,47.4,0.1497,0.0224,0.0032,47.2,47.6,0.4
54617886,5,47.36,47.4,0.1497,0.0224,0.0032,47.2,47.6,0.4
57315705,6,50.5667,50.55,0.1491,0.0222,0.0029,50.4,50.8,0.4
57315706,6,50.5667,50.55,0.1491,0.0222,0.0029,50.4,50.8,0.4
53826568,6,53.2667,53.25,0.1491,0.0222,0.0028,53.1,53.5,0.4
53845074,6,53.2667,53.25,0.1491,0.0222,0.0028,53.1,53.5,0.4
53878582,6,53.2667,53.25,0.1491,0.0222,0.0028,53.1,53.5,0.4
54100778,6,53.2667,53.25,0.1491,0.0222,0.0028,53.1,53.5,0.4
54338772,6,53.2667,53.25,0.1491,0.0222,0.0028,53.1,53.5,0.4
54393293,6,53.2667,53.25,0.1491,0.0222,0.0028,53.1,53.5,0.4
54427542,6,53.2667,53.25,0.1491,0.0222,0.0028,53.1,53.5,0.4
54430147,6,53.2667,53.25,0.1491,0.0222,0.0028,53.1,53.5,0.4
54430148,6,53.2667,53.25,0.1491,0.0222,0.0028,53.1,53.5,0.4
54478278,6,53.2667,53.25,0.1491,0.0222,0.0028,53.1,53.5,0.4
54536085,6,53.2667,53.25,0.1491,0.0222,0.0028,53.1,53.5,0.4
65403892,6,53.2667,53.25,0.1491,0.0222,0.0028,53.1,53.5,0.4
65403904,6,53.2667,53.25,0.1491,0.0222,0.0028,53.1,53.5,0.4
65403921,6,53.2667,53.25,0.1491,0.0222,0.0028,53.1,53.5,0.4
53589483,6,53.2833,53.3,0.1462,0.0214,0.0027,53.1,53.5,0.4
54321498,6,53.2833,53.3,0.1462,0.0214,0.0027,53.1,53.5,0.4
54321523,6,53.2833,53.3,0.1462,0.0214,0.0027,53.1,53.5,0.4
54440392,6,53.2833,53.3,0.1462,0.0214,0.0027,53.1,53.5,0.4
58955945,6,53.2833,53.3,0.1462,0.0214,0.0027,53.1,53.5,0.4
58955946,6,53.2833,53.3,0.1462,0.0214,0.0027,53.1,53.5,0.4
62463270,6,53.2833,53.3,0.1462,0.0214,0.0027,53.1,53.5,0.4
62648549,6,53.2833,53.3,0.1462,0.0214,0.0027,53.1,53.5,0.4
64465053,6,53.2833,53.3,0.1462,0.0214,0.0027,53.1,53.5,0.4
64465065,6,53.2833,53.3,0.1462,0.0214,0.0027,53.1,53.5,0.4
53366348,6,47.35,47.35,0.1384,0.0192,0.0029,47.2,47.6,0.4
53369770,6,47.35,47.35,0.1384,0.0192,0.0029,47.2,47.6,0.4
53409730,6,47.35,47.35,0.1384,0.0192,0.0029,47.2,47.6,0.4
53441870,6,47.35,47.35,0.1384,0.0192,0.0029,47.2,47.6,0.4
53460454,6,47.35,47.35,0.1384,0.0192,0.0029,47.2,47.6,0.4
53486078,6,47.35,47.35,0.1384,0.0192,0.0029,47.2,47.6,0.4
53489119,6,47.35,47.35,0.1384,0.0192,0.0029,47.2,47.6,0.4
53601348,6,47.35,47.35,0.1384,0.0192,0.0029,47.2,47.6,0.4
53699195,6,47.35,47.35,0.1384,0.0192,0.0029,47.2,47.6,0.4
53808277,6,47.35,47.35,0.1384,0.0192,0.0029,47.2,47.6,0.4
53809014,6,47.35,47.35,0.1384,0.0192,0.0029,47.2,47.6,0.4
53810041,6,47.35,47.35,0.1384,0.0192,0.0029,47.2,47.6,0.4
53818503,6,47.35,47.35,0.1384,0.0192,0.0029,47.2,47.6,0.4
53827797,6,47.35,47.35,0.1384,0.0192,0.0029,47.2,47.6,0.4
53894770,6,47.35,47.35,0.1384,0.0192,0.0029,47.2,47.6,0.4
53900720,6,47.35,47.35,0.1384,0.0192,0.0029,47.2,47.6,0.4
53930516,6,47.35,47.35,0.1384,0.0192,0.0029,47.2,47.6,0.4
54004519,6,47.35,47.35,0.1384,0.0192,0.0029,47.2,47.6,0.4
54037003,6,47.35,47.35,0.1384,0.0192,0.0029,47.2,47.6,0.4
54044473,6,47.35,47.35,0.1384,0.0192,0.0029,47.2,47.6,0.4
54048694,6,47.35,47.35,0.1384,0.0192,0.0029,47.2,47.6,0.4
54053254,6,47.35,47.35,0.1384,0.0192,0.0029,47.2,47.6,0.4
54055839,6,47.35,47.35,0.1384,0.0192,0.0029,47.2,47.6,0.4
54077263,6,47.35,47.35,0.1384,0.0192,0.0029,47.2,47.6,0.4
54089299,6,47.35,47.35,0.1384,0.0192,0.0029,47.2,47.6,0.4
54101065,6,47.35,47.35,0.1384,0.0192,0.0029,47.2,47.6,0.4
54108276,6,47.35,47.35,0.1384,0.0192,0.0029,47.2,47.6,0.4
54112903,6,47.35,47.35,0.1384,0.0192,0.0029,47.2,47.6,0.4
54114896,6,47.35,47.35,0.1384,0.0192,0.0029,47.2,47.6,0.4
54125363,6,47.35,47.35,0.1384,0.0192,0.0029,47.2,47.6,0.4
54134400,6,47.35,47.35,0.1384,0.0192,0.0029,47.2,47.6,0.4
54139866,6,47.35,47.35,0.1384,0.0192,0.0029,47.2,47.6,0.4
54151506,6,47.35,47.35,0.1384,0.0192,0.0029,47.2,47.6,0.4
54166294,6,47.35,47.35,0.1384,0.0192,0.0029,47.2,47.6,0.4
54166896,6,47.35,47.35,0.1384,0.0192,0.0029,47.2,47.6,0.4
54238202,6,47.35,47.35,0.1384,0.0192,0.0029,47.2,47.6,0.4
54242387,6,47.35,47.35,0.1384,0.0192,0.0029,47.2,47.6,0.4
54246609,6,47.35,47.35,0.1384,0.0192,0.0029,47.2,47.6,0.4
54254408,6,47.35,47.35,0.1384,0.0192,0.0029,47.2,47.6,0.4
54272491,6,47.35,47.35,0.1384,0.0192,0.0029,47.2,47.6,0.4
54273215,6,47.35,47.35,0.1384,0.0192,0.0029,47.2,47.6,0.4
54280417,6,47.35,47.35,0.1384,0.0192,0.0029,47.2,47.6,0.4
54312600,6,47.35,47.35,0.1384,0.0192,0.0029,47.2,47.6,0.4
54339592,6,47.35,47.35,0.1384,0.0192,0.0029,47.2,47.6,0.4
54352603,6,47.35,47.35,0.1384,0.0192,0.0029,47.2,47.6,0.4
54373456,6,47.35,47.35,0.1384,0.0192,0.0029,47.2,47.6,0.4
54375958,6,47.35,47.35,0.1384,0.0192,0.0029,47.2,47.6,0.4
54378773,6,47.35,47.35,0.1384,0.0192,0.0029,47.2,47.6,0.4
54381558,6,47.35,47.35,0.1384,0.0192,0.0029,47.2,47.6,0.4
54393455,6,47.35,47.35,0.1384,0.0192,0.0029,47.2,47.6,0.4
54430941,6,47.35,47.35,0.1384,0.0192,0.0029,47.2,47.6,0.4
54443628,6,47.35,47.35,0.1384,0.0192,0.0029,47.2,47.6,0.4
54443630,6,47.35,47.35,0.1384,0.0192,0.0029,47.2,47.6,0.4
54447761,6,47.35,47.35,0.1384,0.0192,0.0029,47.2,47.6,0.4
54538248,6,47.35,47.35,0.1384,0.0192,0.0029,47.2,47.6,0.4
54545748,6,47.35,47.35,0.1384,0.0192,0.0029,47.2,47.6,0.4
54546417,6,47.35,47.35,0.1384,0.0192,0.0029,47.2,47.6,0.4
54616959,6,47.35,47.35,0.1384,0.0192,0.0029,47.2,47.6,0.4
54638958,6,47.35,47.35,0.1384,0.0192,0.0029,47.2,47.6,0.4
54654262,6,47.35,47.35,0.1384,0.0192,0.0029,47.2,47.6,0.4
54654297,6,47.35,47.35,0.1384,0.0192,0.0029,47.2,47.6,0.4
54659769,6,47.35,47.35,0.1384,0.0192,0.0029,47.2,47.6,0.4
54664495,6,47.35,47.35,0.1384,0.0192,0.0029,47.2,47.6,0.4
55057785,6,47.35,47.35,0.1384,0.0192,0.0029,47.2,47.6,0.4
55078288,6,47.35,47.35,0.1384,0.0192,0.0029,47.2,47.6,0.4
55078289,6,47.35,47.35,0.1384,0.0192,0.0029,47.2,47.6,0.4
55718253,6,47.35,47.35,0.1384,0.0192,0.0029,47.2,47.6,0.4
55786133,6,47.35,47.35,0.1384,0.0192,0.0029,47.2,47.6,0.4
56041078,6,47.35,47.35,0.1384,0.0192,0.0029,47.2,47.6,0.4
56665933,6,47.35,47.35,0.1384,0.0192,0.0029,47.2,47.6,0.4
56665934,6,47.35,47.35,0.1384,0.0192,0.0029,47.2,47.6,0.4
56911282,6,47.35,47.35,0.1384,0.0192,0.0029,47.2,47.6,0.4
58900682,6,47.35,47.35,0.1384,0.0192,0.0029,47.2,47.6,0.4
59673189,6,47.35,47.35,0.1384,0.0192,0.0029,47.2,47.6,0.4
59673190,6,47.35,47.35,0.1384,0.0192,0.0029,47.2,47.6,0.4
59705489,6,47.35,47.35,0.1384,0.0192,0.0029,47.2,47.6,0.4
60226034,6,47.35,47.35,0.1384,0.0192,0.0029,47.2,47.6,0.4
60226036,6,47.35,47.35,0.1384,0.0192,0.0029,47.2,47.6,0.4
60226199,6,47.35,47.35,0.1384,0.0192,0.0029,47.2,47.6,0.4
62729114,6,47.35,47.35,0.1384,0.0192,0.0029,47.2,47.6,0.4
63299480,6,47.35,47.35,0.1384,0.0192,0.0029,47.2,47.6,0.4
63300312,6,47.35,47.35,0.1384,0.0192,0.0029,47.2,47.6,0.4
64842504,6,47.35,47.35,0.1384,0.0192,0.0029,47.2,47.6,0.4
53662663,6,44.75,44.75,0.1384,0.0192,0.0031,44.6,45.0,0.4
53700177,6,40.25,40.25,0.1384,0.0192,0.0034,40.1,40.5,0.4
59230183,6,44.9667,45.0,0.1374,0.0189,0.0031,44.8,45.2,0.4
59230184,6,44.9667,45.0,0.1374,0.0189,0.0031,44.8,45.2,0.4
53393524,6,47.3667,47.4,0.1374,0.0189,0.0029,47.2,47.6,0.4
53395854,6,47.3667,47.4,0.1374,0.0189,0.0029,47.2,47.6,0.4
53467029,6,47.3667,47.4,0.1374,0.0189,0.0029,47.2,47.6,0.4
53583320,6,47.3667,47.4,0.1374,0.0189,0.0029,47.2,47.6,0.4
53588042,6,47.3667,47.4,0.1374,0.0189,0.0029,47.2,47.6,0.4
53596792,6,47.3667,47.4,0.1374,0.0189,0.0029,47.2,47.6,0.4
53614687,6,47.3667,47.4,0.1374,0.0189,0.0029,47.2,47.6,0.4
53817670,6,47.3667,47.4,0.1374,0.0189,0.0029,47.2,47.6,0.4
53817908,6,47.3667,47.4,0.1374,0.0189,0.0029,47.2,47.6,0.4
53819537,6,47.3667,47.4,0.1374,0.0189,0.0029,47.2,47.6,0.4
53827266,6,47.3667,47.4,0.1374,0.0189,0.0029,47.2,47.6,0.4
53865601,6,47.3667,47.4,0.1374,0.0189,0.0029,47.2,47.6,0.4
53881176,6,47.3667,47.4,0.1374,0.0189,0.0029,47.2,47.6,0.4
53902200,6,47.3667,47.4,0.1374,0.0189,0.0029,47.2,47.6,0.4
53941959,6,47.3667,47.4,0.1374,0.0189,0.0029,47.2,47.6,0.4
54169592,6,47.3667,47.4,0.1374,0.0189,0.0029,47.2,47.6,0.4
54196395,6,47.3667,47.4,0.1374,0.0189,0.0029,47.2,47.6,0.4
54316286,6,47.3667,47.4,0.1374,0.0189,0.0029,47.2,47.6,0.4
54338198,6,47.3667,47.4,0.1374,0.0189,0.0029,47.2,47.6,0.4
54365316,6,47.3667,47.4,0.1374,0.0189,0.0029,47.2,47.6,0.4
54469880,6,47.3667,47.4,0.1374,0.0189,0.0029,47.2,47.6,0.4
54475624,6,47.3667,47.4,0.1374,0.0189,0.0029,47.2,47.6,0.4
54483536,6,47.3667,47.4,0.1374,0.0189,0.0029,47.2,47.6,0.4
54484093,6,47.3667,47.4,0.1374,0.0189,0.0029,47.2,47.6,0.4
54500179,6,47.3667,47.4,0.1374,0.0189,0.0029,47.2,47.6,0.4
54504299,6,47.3667,47.4,0.1374,0.0189,0.0029,47.2,47.6,0.4
54516999,6,47.3667,47.4,0.1374,0.0189,0.0029,47.2,47.6,0.4
54522220,6,47.3667,47.4,0.1374,0.0189,0.0029,47.2,47.6,0.4
54544437,6,47.3667,47.4,0.1374,0.0189,0.0029,47.2,47.6,0.4
54552575,6,47.3667,47.4,0.1374,0.0189,0.0029,47.2,47.6,0.4
54555195,6,47.3667,47.4,0.1374,0.0189,0.0029,47.2,47.6,0.4
54555440,6,47.3667,47.4,0.1374,0.0189,0.0029,47.2,47.6,0.4
54558254,6,47.3667,47.4,0.1374,0.0189,0.0029,47.2,47.6,0.4
54558373,6,47.3667,47.4,0.1374,0.0189,0.0029,47.2,47.6,0.4
54560355,6,47.3667,47.4,0.1374,0.0189,0.0029,47.2,47.6,0.4
54562239,6,47.3667,47.4,0.1374,0.0189,0.0029,47.2,47.6,0.4
54571879,6,47.3667,47.4,0.1374,0.0189,0.0029,47.2,47.6,0.4
54575568,6,47.3667,47.4,0.1374,0.0189,0.0029,47.2,47.6,0.4
54579179,6,47.3667,47.4,0.1374,0.0189,0.0029,47.2,47.6,0.4
54585113,6,47.3667,47.4,0.1374,0.0189,0.0029,47.2,47.6,0.4
54585352,6,47.3667,47.4,0.1374,0.0189,0.0029,47.2,47.6,0.4
54598960,6,47.3667,47.4,0.1374,0.0189,0.0029,47.2,47.6,0.4
54622479,6,47.3667,47.4,0.1374,0.0189,0.0029,47.2,47.6,0.4
54635082,6,47.3667,47.4,0.1374,0.0189,0.0029,47.2,47.6,0.4
54635083,6,47.3667,47.4,0.1374,0.0189,0.0029,47.2,47.6,0.4
54646065,6,47.3667,47.4,0.1374,0.0189,0.0029,47.2,47.6,0.4
54652108,6,47.3667,47.4,0.1374,0.0189,0.0029,47.2,47.6,0.4
54655734,6,47.3667,47.4,0.1374,0.0189,0.0029,47.2,47.6,0.4
54659450,6,47.3667,47.4,0.1374,0.0189,0.0029,47.2,47.6,0.4
54661374,6,47.3667,47.4,0.1374,0.0189,0.0029,47.2,47.6,0.4
54684184,6,47.3667,47.4,0.1374,0.0189,0.0029,47.2,47.6,0.4
56109850,6,47.3667,47.4,0.1374,0.0189,0.0029,47.2,47.6,0.4
56109857,6,47.3667,47.4,0.1374,0.0189,0.0029,47.2,47.6,0.4
56109858,6,47.3667,47.4,0.1374,0.0189,0.0029,47.2,47.6,0.4
56321357,6,47.3667,47.4,0.1374,0.0189,0.0029,47.2,47.6,0.4
56321358,6,47.3667,47.4,0.1374,0.0189,0.0029,47.2,47.6,0.4
56873959,6,47.3667,47.4,0.1374,0.0189,0.0029,47.2,47.6,0.4
58825993,6,47.3667,47.4,0.1374,0.0189,0.0029,47.2,47.6,0.4
58825994,6,47.3667,47.4,0.1374,0.0189,0.0029,47.2,47.6,0.4
60498767,6,47.3667,47.4,0.1374,0.0189,0.0029,47.2,47.6,0.4
62122633,6,47.3667,47.4,0.1374,0.0189,0.0029,47.2,47.6,0.4
62122634,6,47.3667,47.4,0.1374,0.0189,0.0029,47.2,47.6,0.4
62989066,6,47.3667,47.4,0.1374,0.0189,0.0029,47.2,47.6,0.4
63181386,6,47.3667,47.4,0.1374,0.0189,0.0029,47.2,47.6,0.4
64412340,6,47.3667,47.4,0.1374,0.0189,0.0029,47.2,47.6,0.4
54427678,6,37.8833,37.85,0.1344,0.0181,0.0035,37.7,38.1,0.4
54439081,6,37.8833,37.85,0.1344,0.0181,0.0035,37.7,38.1,0.4
54443290,6,37.8833,37.85,0.1344,0.0181,0.0035,37.7,38.1,0.4
54443606,6,37.8833,37.85,0.1344,0.0181,0.0035,37.7,38.1,0.4
60498741,5,47.4,47.4,0.1265,0.016,0.0027,47.2,47.6,0.4
53832764,3,72.0333,72.0,0.1247,0.0156,0.0017,71.9,72.2,0.3
63016293,5,59.12,59.1,0.1166,0.0136,0.002,59.0,59.3,0.3
53650880,6,42.65,42.7,0.1118,0.0125,0.0026,42.5,42.8,0.3
53664653,6,42.65,42.7,0.1118,0.0125,0.0026,42.5,42.8,0.3
53686810,6,42.65,42.7,0.1118,0.0125,0.0026,42.5,42.8,0.3
53688752,6,42.65,42.7,0.1118,0.0125,0.0026,42.5,42.8,0.3
53689539,6,42.65,42.7,0.1118,0.0125,0.0026,42.5,42.8,0.3
53510437,6,35.5333,35.55,0.1106,0.0122,0.0031,35.4,35.7,0.3
53621030,6,41.4333,41.45,0.1106,0.0122,0.0027,41.3,41.6,0.3
53831847,6,41.4333,41.45,0.1106,0.0122,0.0027,41.3,41.6,0.3
53832121,6,35.5333,35.55,0.1106,0.0122,0.0031,35.4,35.7,0.3
53834371,6,41.4333,41.45,0.1106,0.0122,0.0027,41.3,41.6,0.3
53834609,6,35.5333,35.55,0.1106,0.0122,0.0031,35.4,35.7,0.3
53882640,6,41.4333,41.45,0.1106,0.0122,0.0027,41.3,41.6,0.3
54013733,6,35.5333,35.55,0.1106,0.0122,0.0031,35.4,35.7,0.3
54013759,6,35.5333,35.55,0.1106,0.0122,0.0031,35.4,35.7,0.3
54016497,6,35.5333,35.55,0.1106,0.0122,0.0031,35.4,35.7,0.3
54024565,6,35.5333,35.55,0.1106,0.0122,0.0031,35.4,35.7,0.3
54229732,6,35.5333,35.55,0.1106,0.0122,0.0031,35.4,35.7,0.3
54346603,6,35.5333,35.55,0.1106,0.0122,0.0031,35.4,35.7,0.3
54380818,6,35.5333,35.55,0.1106,0.0122,0.0031,35.4,35.7,0.3
54419574,6,35.5333,35.55,0.1106,0.0122,0.0031,35.4,35.7,0.3
54442596,6,35.5333,35.55,0.1106,0.0122,0.0031,35.4,35.7,0.3
54443287,6,35.5333,35.55,0.1106,0.0122,0.0031,35.4,35.7,0.3
54524529,6,35.5333,35.55,0.1106,0.0122,0.0031,35.4,35.7,0.3
54547503,6,41.4333,41.45,0.1106,0.0122,0.0027,41.3,41.6,0.3
54547852,6,35.5333,35.55,0.1106,0.0122,0.0031,35.4,35.7,0.3
54556139,6,35.5333,35.55,0.1106,0.0122,0.0031,35.4,35.7,0.3
54556663,6,35.5333,35.55,0.1106,0.0122,0.0031,35.4,35.7,0.3
54561043,6,35.5333,35.55,0.1106,0.0122,0.0031,35.4,35.7,0.3
54578670,6,35.5333,35.55,0.1106,0.0122,0.0031,35.4,35.7,0.3
54669794,6,35.5333,35.55,0.1106,0.0122,0.0031,35.4,35.7,0.3
57682964,6,35.5333,35.55,0.1106,0.0122,0.0031,35.4,35.7,0.3
57891268,6,41.4333,41.45,0.1106,0.0122,0.0027,41.3,41.6,0.3
57897105,6,41.4333,41.45,0.1106,0.0122,0.0027,41.3,41.6,0.3
60114021,6,35.5333,35.55,0.1106,0.0122,0.0031,35.4,35.7,0.3
60253689,6,35.5333,35.55,0.1106,0.0122,0.0031,35.4,35.7,0.3
61731608,6,35.5333,35.55,0.1106,0.0122,0.0031,35.4,35.7,0.3
62465201,6,41.4333,41.45,0.1106,0.0122,0.0027,41.3,41.6,0.3
63006838,6,35.5333,35.55,0.1106,0.0122,0.0031,35.4,35.7,0.3
63050947,6,28.4333,28.45,0.1106,0.0122,0.0039,28.3,28.6,0.3
63050948,6,28.4333,28.45,0.1106,0.0122,0.0039,28.3,28.6,0.3
53649460,6,42.6333,42.65,0.1106,0.0122,0.0026,42.5,42.8,0.3
53680645,6,42.6333,42.65,0.1106,0.0122,0.0026,42.5,42.8,0.3
54423828,6,42.6333,42.65,0.1106,0.0122,0.0026,42.5,42.8,0.3
62482104,6,32.6333,32.65,0.1106,0.0122,0.0034,32.5,32.8,0.3
60537565,6,33.7333,33.75,0.1106,0.0122,0.0033,33.6,33.9,0.3
53382600,6,35.5167,35.5,0.1067,0.0114,0.003,35.4,35.7,0.3
53436195,6,35.5167,35.5,0.1067,0.0114,0.003,35.4,35.7,0.3
53437268,6,35.5167,35.5,0.1067,0.0114,0.003,35.4,35.7,0.3
53438834,6,35.5167,35.5,0.1067,0.0114,0.003,35.4,35.7,0.3
53559706,6,35.5167,35.5,0.1067,0.0114,0.003,35.4,35.7,0.3
53571584,6,35.5167,35.5,0.1067,0.0114,0.003,35.4,35.7,0.3
53835085,6,35.5167,35.5,0.1067,0.0114,0.003,35.4,35.7,0.3
53894965,6,35.5167,35.5,0.1067,0.0114,0.003,35.4,35.7,0.3
53984272,6,41.4167,41.4,0.1067,0.0114,0.0026,41.3,41.6,0.3
53984806,6,41.4167,41.4,0.1067,0.0114,0.0026,41.3,41.6,0.3
53985310,6,41.4167,41.4,0.1067,0.0114,0.0026,41.3,41.6,0.3
53985513,6,35.5167,35.5,0.1067,0.0114,0.003,35.4,35.7,0.3
54005766,6,41.4167,41.4,0.1067,0.0114,0.0026,41.3,41.6,0.3
54008546,6,41.4167,41.4,0.1067,0.0114,0.0026,41.3,41.6,0.3
54021478,6,41.4167,41.4,0.1067,0.0114,0.0026,41.3,41.6,0.3
54027932,6,41.4167,41.4,0.1067,0.0114,0.0026,41.3,41.6,0.3
54038732,6,35.5167,35.5,0.1067,0.0114,0.003,35.4,35.7,0.3
54040578,6,35.5167,35.5,0.1067,0.0114,0.003,35.4,35.7,0.3
54041499,6,35.5167,35.5,0.1067,0.0114,0.003,35.4,35.7,0.3
54049047,6,41.4167,41.4,0.1067,0.0114,0.0026,41.3,41.6,0.3
54049705,6,35.5167,35.5,0.1067,0.0114,0.003,35.4,35.7,0.3
54049714,6,35.5167,35.5,0.1067,0.0114,0.003,35.4,35.7,0.3
54066811,6,41.4167,41.4,0.1067,0.0114,0.0026,41.3,41.6,0.3
54074047,6,41.4167,41.4,0.1067,0.0114,0.0026,41.3,41.6,0.3
54074856,6,41.4167,41.4,0.1067,0.0114,0.0026,41.3,41.6,0.3
54116551,6,35.5167,35.5,0.1067,0.0114,0.003,35.4,35.7,0.3
54142915,6,35.5167,35.5,0.1067,0.0114,0.003,35.4,35.7,0.3
54148694,6,41.4167,41.4,0.1067,0.0114,0.0026,41.3,41.6,0.3
54148695,6,41.4167,41.4,0.1067,0.0114,0.0026,41.3,41.6,0.3
54148696,6,41.4167,41.4,0.1067,0.0114,0.0026,41.3,41.6,0.3
54161379,6,35.5167,35.5,0.1067,0.0114,0.003,35.4,35.7,0.3
54164982,6,35.5167,35.5,0.1067,0.0114,0.003,35.4,35.7,0.3
54309696,6,35.5167,35.5,0.1067,0.0114,0.003,35.4,35.7,0.3
54311846,6,41.4167,41.4,0.1067,0.0114,0.0026,41.3,41.6,0.3
54343917,6,41.4167,41.4,0.1067,0.0114,0.0026,41.3,41.6,0.3
54347769,6,35.5167,35.5,0.1067,0.0114,0.003,35.4,35.7,0.3
54348909,6,41.4167,41.4,0.1067,0.0114,0.0026,41.3,41.6,0.3
54375865,6,35.5167,35.5,0.1067,0.0114,0.003,35.4,35.7,0.3
54380653,6,35.5167,35.5,0.1067,0.0114,0.003,35.4,35.7,0.3
54399458,6,35.5167,35.5,0.1067,0.0114,0.003,35.4,35.7,0.3
54410388,6,35.5167,35.5,0.1067,0.0114,0.003,35.4,35.7,0.3
54410773,6,35.5167,35.5,0.1067,0.0114,0.003,35.4,35.7,0.3
54432860,6,35.5167,35.5,0.1067,0.0114,0.003,35.4,35.7,0.3
54479475,6,41.4167,41.4,0.1067,0.0114,0.0026,41.3,41.6,0.3
54506084,6,35.5167,35.5,0.1067,0.0114,0.003,35.4,35.7,0.3
54547947,6,35.5167,35.5,0.1067,0.0114,0.003,35.4,35.7,0.3
54564168,6,35.5167,35.5,0.1067,0.0114,0.003,35.4,35.7,0.3
54576135,6,35.5167,35.5,0.1067,0.0114,0.003,35.4,35.7,0.3
54618191,6,35.5167,35.5,0.1067,0.0114,0.003,35.4,35.7,0.3
54650190,6,35.5167,35.5,0.1067,0.0114,0.003,35.4,35.7,0.3
54650450,6,35.5167,35.5,0.1067,0.0114,0.003,35.4,35.7,0.3
54652849,6,35.5167,35.5,0.1067,0.0114,0.003,35.4,35.7,0.3
54679054,6,35.5167,35.5,0.1067,0.0114,0.003,35.4,35.7,0.3
54687528,6,35.5167,35.5,0.1067,0.0114,0.003,35.4,35.7,0.3
55972734,6,41.4167,41.4,0.1067,0.0114,0.0026,41.3,41.6,0.3
55973026,6,35.5167,35.5,0.1067,0.0114,0.003,35.4,35.7,0.3
56502632,6,41.4167,41.4,0.1067,0.0114,0.0026,41.3,41.6,0.3
56857329,6,35.5167,35.5,0.1067,0.0114,0.003,35.4,35.7,0.3
57273990,6,35.5167,35.5,0.1067,0.0114,0.003,35.4,35.7,0.3
57273998,6,35.5167,35.5,0.1067,0.0114,0.003,35.4,35.7,0.3
57274077,6,35.5167,35.5,0.1067,0.0114,0.003,35.4,35.7,0.3
57275076,6,35.5167,35.5,0.1067,0.0114,0.003,35.4,35.7,0.3
58050859,6,35.5167,35.5,0.1067,0.0114,0.003,35.4,35.7,0.3
58348027,6,35.5167,35.5,0.1067,0.0114,0.003,35.4,35.7,0.3
64647714,6,35.5167,35.5,0.1067,0.0114,0.003,35.4,35.7,0.3
65869007,6,41.4167,41.4,0.1067,0.0114,0.0026,41.3,41.6,0.3
53815841,6,29.6167,29.6,0.1067,0.0114,0.0036,29.5,29.8,0.3
53832778,6,29.6167,29.6,0.1067,0.0114,0.0036,29.5,29.8,0.3
53836797,6,29.6167,29.6,0.1067,0.0114,0.0036,29.5,29.8,0.3
53858372,6,29.6167,29.6,0.1067,0.0114,0.0036,29.5,29.8,0.3
53995131,6,29.6167,29.6,0.1067,0.0114,0.0036,29.5,29.8,0.3
54014373,6,29.6167,29.6,0.1067,0.0114,0.0036,29.5,29.8,0.3
54024046,6,29.6167,29.6,0.1067,0.0114,0.0036,29.5,29.8,0.3
54027459,6,29.6167,29.6,0.1067,0.0114,0.0036,29.5,29.8,0.3
54040561,6,29.6167,29.6,0.1067,0.0114,0.0036,29.5,29.8,0.3
54057005,6,29.6167,29.6,0.1067,0.0114,0.0036,29.5,29.8,0.3
54167063,6,29.6167,29.6,0.1067,0.0114,0.0036,29.5,29.8,0.3
54327539,6,29.6167,29.6,0.1067,0.0114,0.0036,29.5,29.8,0.3
54470408,6,29.6167,29.6,0.1067,0.0114,0.0036,29.5,29.8,0.3
54476822,6,29.6167,29.6,0.1067,0.0114,0.0036,29.5,29.8,0.3
54530861,6,29.6167,29.6,0.1067,0.0114,0.0036,29.5,29.8,0.3
54552325,6,29.6167,29.6,0.1067,0.0114,0.0036,29.5,29.8,0.3
55136030,6,29.6167,29.6,0.1067,0.0114,0.0036,29.5,29.8,0.3
61114117,6,29.6167,29.6,0.1067,0.0114,0.0036,29.5,29.8,0.3
62013012,6,29.6167,29.6,0.1067,0.0114,0.0036,29.5,29.8,0.3
62013022,6,29.6167,29.6,0.1067,0.0114,0.0036,29.5,29.8,0.3
62013028,6,29.6167,29.6,0.1067,0.0114,0.0036,29.5,29.8,0.3
62465248,6,29.6167,29.6,0.1067,0.0114,0.0036,29.5,29.8,0.3
64632985,6,29.6167,29.6,0.1067,0.0114,0.0036,29.5,29.8,0.3
64781438,6,29.6167,29.6,0.1067,0.0114,0.0036,29.5,29.8,0.3
64781440,6,29.6167,29.6,0.1067,0.0114,0.0036,29.5,29.8,0.3
64781443,6,29.6167,29.6,0.1067,0.0114,0.0036,29.5,29.8,0.3
65106415,6,29.6167,29.6,0.1067,0.0114,0.0036,29.5,29.8,0.3
54420181,6,42.6167,42.6,0.1067,0.0114,0.0025,42.5,42.8,0.3
53827878,2,47.3,47.3,0.1,0.01,0.0021,47.2,47.4,0.2
54427789,6,31.95,31.95,0.0957,0.0092,0.003,31.8,32.1,0.3
65774513,3,142.2333,142.3,0.0943,0.0089,0.0007,142.1,142.3,0.2
54520171,3,59.3667,59.3,0.0943,0.0089,0.0016,59.3,59.5,0.2
62837517,3,95.8667,95.8,0.0943,0.0089,0.001,95.8,96.0,0.2
64589396,3,70.8667,70.8,0.0943,0.0089,0.0013,70.8,71.0,0.2
54028811,6,26.0333,26.0,0.0943,0.0089,0.0036,25.9,26.2,0.3
54032513,6,26.0333,26.0,0.0943,0.0089,0.0036,25.9,26.2,0.3
58950659,3,41.5,41.5,0.0816,0.0067,0.002,41.4,41.6,0.2
53685047,6,31.9833,32.0,0.0687,0.0047,0.0021,31.9,32.1,0.2
54208682,6,22.4833,22.5,0.0687,0.0047,0.0031,22.4,22.6,0.2
53694786,6,16.5833,16.6,0.0687,0.0047,0.0041,16.5,16.7,0.2
53418422,6,23.6833,23.7,0.0687,0.0047,0.0029,23.6,23.8,0.2
53468309,6,23.6833,23.7,0.0687,0.0047,0.0029,23.6,23.8,0.2
53786468,6,23.6833,23.7,0.0687,0.0047,0.0029,23.6,23.8,0.2
53792769,6,23.6833,23.7,0.0687,0.0047,0.0029,23.6,23.8,0.2
53801940,6,23.6833,23.7,0.0687,0.0047,0.0029,23.6,23.8,0.2
53822125,6,23.6833,23.7,0.0687,0.0047,0.0029,23.6,23.8,0.2
54016548,6,23.6833,23.7,0.0687,0.0047,0.0029,23.6,23.8,0.2
54058388,6,23.6833,23.7,0.0687,0.0047,0.0029,23.6,23.8,0.2
54084846,6,23.6833,23.7,0.0687,0.0047,0.0029,23.6,23.8,0.2
54085064,6,23.6833,23.7,0.0687,0.0047,0.0029,23.6,23.8,0.2
54100052,6,23.6833,23.7,0.0687,0.0047,0.0029,23.6,23.8,0.2
54100759,6,23.6833,23.7,0.0687,0.0047,0.0029,23.6,23.8,0.2
54100965,6,23.6833,23.7,0.0687,0.0047,0.0029,23.6,23.8,0.2
54124986,6,23.6833,23.7,0.0687,0.0047,0.0029,23.6,23.8,0.2
54124988,6,23.6833,23.7,0.0687,0.0047,0.0029,23.6,23.8,0.2
54125831,6,23.6833,23.7,0.0687,0.0047,0.0029,23.6,23.8,0.2
54127948,6,23.6833,23.7,0.0687,0.0047,0.0029,23.6,23.8,0.2
54142195,6,23.6833,23.7,0.0687,0.0047,0.0029,23.6,23.8,0.2
54164158,6,23.6833,23.7,0.0687,0.0047,0.0029,23.6,23.8,0.2
54174603,6,23.6833,23.7,0.0687,0.0047,0.0029,23.6,23.8,0.2
54310660,6,23.6833,23.7,0.0687,0.0047,0.0029,23.6,23.8,0.2
54316903,6,23.6833,23.7,0.0687,0.0047,0.0029,23.6,23.8,0.2
54326986,6,23.6833,23.7,0.0687,0.0047,0.0029,23.6,23.8,0.2
54340197,6,23.6833,23.7,0.0687,0.0047,0.0029,23.6,23.8,0.2
54346272,6,23.6833,23.7,0.0687,0.0047,0.0029,23.6,23.8,0.2
54357747,6,23.6833,23.7,0.0687,0.0047,0.0029,23.6,23.8,0.2
54469818,6,23.6833,23.7,0.0687,0.0047,0.0029,23.6,23.8,0.2
54472631,6,23.6833,23.7,0.0687,0.0047,0.0029,23.6,23.8,0.2
54473017,6,23.6833,23.7,0.0687,0.0047,0.0029,23.6,23.8,0.2
54478903,6,23.6833,23.7,0.0687,0.0047,0.0029,23.6,23.8,0.2
54480215,6,23.6833,23.7,0.0687,0.0047,0.0029,23.6,23.8,0.2
54485432,6,23.6833,23.7,0.0687,0.0047,0.0029,23.6,23.8,0.2
54500484,6,23.6833,23.7,0.0687,0.0047,0.0029,23.6,23.8,0.2
54500496,6,23.6833,23.7,0.0687,0.0047,0.0029,23.6,23.8,0.2
54508620,6,23.6833,23.7,0.0687,0.0047,0.0029,23.6,23.8,0.2
54508624,6,23.6833,23.7,0.0687,0.0047,0.0029,23.6,23.8,0.2
54523885,6,23.6833,23.7,0.0687,0.0047,0.0029,23.6,23.8,0.2
54547761,6,23.6833,23.7,0.0687,0.0047,0.0029,23.6,23.8,0.2
54651798,6,23.6833,23.7,0.0687,0.0047,0.0029,23.6,23.8,0.2
54652917,6,23.6833,23.7,0.0687,0.0047,0.0029,23.6,23.8,0.2
54655022,6,23.6833,23.7,0.0687,0.0047,0.0029,23.6,23.8,0.2
54655558,6,23.6833,23.7,0.0687,0.0047,0.0029,23.6,23.8,0.2
54657584,6,23.6833,23.7,0.0687,0.0047,0.0029,23.6,23.8,0.2
54658533,6,23.6833,23.7,0.0687,0.0047,0.0029,23.6,23.8,0.2
54942211,6,23.6833,23.7,0.0687,0.0047,0.0029,23.6,23.8,0.2
54942212,6,23.6833,23.7,0.0687,0.0047,0.0029,23.6,23.8,0.2
61097288,6,23.6833,23.7,0.0687,0.0047,0.0029,23.6,23.8,0.2
63589615,6,24.8833,24.9,0.0687,0.0047,0.0028,24.8,25.0,0.2
63741088,6,23.6833,23.7,0.0687,0.0047,0.0029,23.6,23.8,0.2
65219914,6,23.6833,23.7,0.0687,0.0047,0.0029,23.6,23.8,0.2
65877447,6,23.6833,23.7,0.0687,0.0047,0.0029,23.6,23.8,0.2
65877448,6,23.6833,23.7,0.0687,0.0047,0.0029,23.6,23.8,0.2
53681429,2,85.35,85.35,0.05,0.0025,0.0006,85.3,85.4,0.1
53860384,2,94.85,94.85,0.05,0.0025,0.0005,94.8,94.9,0.1
54055840,6,17.75,17.75,0.05,0.0025,0.0028,17.7,17.8,0.1
54092903,6,17.75,17.75,0.05,0.0025,0.0028,17.7,17.8,0.1
54166117,6,17.75,17.75,0.05,0.0025,0.0028,17.7,17.8,0.1
54217991,6,17.75,17.75,0.05,0.0025,0.0028,17.7,17.8,0.1
54229476,6,17.75,17.75,0.05,0.0025,0.0028,17.7,17.8,0.1
54229479,6,17.75,17.75,0.05,0.0025,0.0028,17.7,17.8,0.1
54268855,6,17.75,17.75,0.05,0.0025,0.0028,17.7,17.8,0.1
54274286,6,17.75,17.75,0.05,0.0025,0.0028,17.7,17.8,0.1
54286424,6,17.75,17.75,0.05,0.0025,0.0028,17.7,17.8,0.1
54341902,6,17.75,17.75,0.05,0.0025,0.0028,17.7,17.8,0.1
54360755,6,17.75,17.75,0.05,0.0025,0.0028,17.7,17.8,0.1
54373904,6,17.75,17.75,0.05,0.0025,0.0028,17.7,17.8,0.1
54411874,6,17.75,17.75,0.05,0.0025,0.0028,17.7,17.8,0.1
54542890,6,17.75,17.75,0.05,0.0025,0.0028,17.7,17.8,0.1
54543482,6,17.75,17.75,0.05,0.0025,0.0028,17.7,17.8,0.1
56877048,6,17.75,17.75,0.05,0.0025,0.0028,17.7,17.8,0.1
57846326,6,17.75,17.75,0.05,0.0025,0.0028,17.7,17.8,0.1
54038439,2,41.45,41.45,0.05,0.0025,0.0012,41.4,41.5,0.1
53785897,6,11.85,11.85,0.05,0.0025,0.0042,11.8,11.9,0.1
53802167,6,11.85,11.85,0.05,0.0025,0.0042,11.8,11.9,0.1
54094531,6,11.85,11.85,0.05,0.0025,0.0042,11.8,11.9,0.1
54099834,6,11.85,11.85,0.05,0.0025,0.0042,11.8,11.9,0.1
54483257,6,11.85,11.85,0.05,0.0025,0.0042,11.8,11.9,0.1
54491283,6,11.85,11.85,0.05,0.0025,0.0042,11.8,11.9,0.1
63372058,2,176.95,176.95,0.05,0.0025,0.0003,176.9,177.0,0.1
53783208,6,17.7667,17.8,0.0471,0.0022,0.0027,17.7,17.8,0.1
54039164,6,17.7667,17.8,0.0471,0.0022,0.0027,17.7,17.8,0.1
54039165,6,17.7667,17.8,0.0471,0.0022,0.0027,17.7,17.8,0.1
54434486,6,18.9333,18.9,0.0471,0.0022,0.0025,18.9,19.0,0.1
54434487,6,18.9333,18.9,0.0471,0.0022,0.0025,18.9,19.0,0.1
54434613,6,18.9333,18.9,0.0471,0.0022,0.0025,18.9,19.0,0.1
54474214,6,17.7667,17.8,0.0471,0.0022,0.0027,17.7,17.8,0.1
54490150,6,17.7667,17.8,0.0471,0.0022,0.0027,17.7,17.8,0.1
54490161,6,17.7667,17.8,0.0471,0.0022,0.0027,17.7,17.8,0.1
60220863,6,18.9333,18.9,0.0471,0.0022,0.0025,18.9,19.0,0.1
54433078,3,35.4333,35.4,0.0471,0.0022,0.0013,35.4,35.5,0.1
53821928,6,11.8333,11.8,0.0471,0.0022,0.004,11.8,11.9,0.1
54090871,6,11.8333,11.8,0.0471,0.0022,0.004,11.8,11.9,0.1
54121096,6,11.8333,11.8,0.0471,0.0022,0.004,11.8,11.9,0.1
54244928,6,11.8333,11.8,0.0471,0.0022,0.004,11.8,11.9,0.1
53964588,6,14.2167,14.2,0.0373,0.0014,0.0026,14.2,14.3,0.1
54059287,6,14.2167,14.2,0.0373,0.0014,0.0026,14.2,14.3,0.1
54068339,6,14.2167,14.2,0.0373,0.0014,0.0026,14.2,14.3,0.1
53950212,6,13.0167,13.0,0.0373,0.0014,0.0029,13.0,13.1,0.1
53621930,6,5.9,5.9,0.0,0.0,0.0,5.9,5.9,0.0
53950695,6,5.9,5.9,0.0,0.0,0.0,5.9,5.9,0.0
54064944,6,5.9,5.9,0.0,0.0,0.0,5.9,5.9,0.0
54115321,6,5.9,5.9,0.0,0.0,0.0,5.9,5.9,0.0
54115323,6,5.9,5.9,0.0,0.0,0.0,5.9,5.9,0.0
66891089,3,9.5,9.5,0.0,0.0,0.0,9.5,9.5,0.0
53394183,2,47.4,47.4,0.0,0.0,0.0,47.4,47.4,0.0
65455165,2,94.4,94.4,0.0,0.0,0.0,94.4,94.4,0.0
53365006,1,793.3,793.3,,,,793.3,793.3,0.0
53365016,1,935.4,935.4,,,,935.4,935.4,0.0
53367963,1,165.8,165.8,,,,165.8,165.8,0.0
53374161,1,177.6,177.6,,,,177.6,177.6,0.0
53375391,1,35.5,35.5,,,,35.5,35.5,0.0
53383800,1,414.4,414.4,,,,414.4,414.4,0.0
53386263,1,805.1,805.1,,,,805.1,805.1,0.0
53392046,1,59.2,59.2,,,,59.2,59.2,0.0
53394186,1,47.4,47.4,,,,47.4,47.4,0.0
53400892,1,532.8,532.8,,,,532.8,532.8,0.0
53402114,1,284.2,284.2,,,,284.2,284.2,0.0
53403168,1,225.0,225.0,,,,225.0,225.0,0.0
53410756,1,177.6,177.6,,,,177.6,177.6,0.0
53413369,1,580.2,580.2,,,,580.2,580.2,0.0
53420251,1,355.2,355.2,,,,355.2,355.2,0.0
53421835,1,130.2,130.2,,,,130.2,130.2,0.0
53446995,1,213.1,213.1,,,,213.1,213.1,0.0
53447491,1,260.5,260.5,,,,260.5,260.5,0.0
53449533,1,71.0,71.0,,,,71.0,71.0,0.0
53449758,1,106.6,106.6,,,,106.6,106.6,0.0
53452767,1,260.5,260.5,,,,260.5,260.5,0.0
53455139,1,284.2,284.2,,,,284.2,284.2,0.0
53461881,1,130.2,130.2,,,,130.2,130.2,0.0
53471242,1,284.2,284.2,,,,284.2,284.2,0.0
53472798,1,355.2,355.2,,,,355.2,355.2,0.0
53480837,1,35.5,35.5,,,,35.5,35.5,0.0
53484104,1,189.4,189.4,,,,189.4,189.4,0.0
53487808,1,260.5,260.5,,,,260.5,260.5,0.0
53492819,1,769.6,769.6,,,,769.6,769.6,0.0
53496462,1,47.4,47.4,,,,47.4,47.4,0.0
53496516,1,59.2,59.2,,,,59.2,59.2,0.0
53496737,1,213.1,213.1,,,,213.1,213.1,0.0
53573229,1,118.4,118.4,,,,118.4,118.4,0.0
53577432,1,41.4,41.4,,,,41.4,41.4,0.0
53580055,1,201.3,201.3,,,,201.3,201.3,0.0
53580265,1,94.7,94.7,,,,94.7,94.7,0.0
53581161,1,118.4,118.4,,,,118.4,118.4,0.0
53587007,1,59.2,59.2,,,,59.2,59.2,0.0
53590879,1,177.6,177.6,,,,177.6,177.6,0.0
53596126,1,177.6,177.6,,,,177.6,177.6,0.0
53606551,1,177.6,177.6,,,,177.6,177.6,0.0
53606571,1,118.4,118.4,,,,118.4,118.4,0.0
53608052,1,177.6,177.6,,,,177.6,177.6,0.0
53608931,1,355.2,355.2,,,,355.2,355.2,0.0
53608953,1,355.2,355.2,,,,355.2,355.2,0.0
53612965,1,17.8,17.8,,,,17.8,17.8,0.0
53614662,1,5.9,5.9,,,,5.9,5.9,0.0
53616724,1,90.0,90.0,,,,90.0,90.0,0.0
53618513,1,23.7,23.7,,,,23.7,23.7,0.0
53653516,1,53.3,53.3,,,,53.3,53.3,0.0
53655455,1,63.9,63.9,,,,63.9,63.9,0.0
53655680,1,32.0,32.0,,,,32.0,32.0,0.0
53657292,1,522.2,522.2,,,,522.2,522.2,0.0
53659100,1,127.9,127.9,,,,127.9,127.9,0.0
53659800,1,26.6,26.6,,,,26.6,26.6,0.0
53663283,1,27.7,27.7,,,,27.7,27.7,0.0
53663768,1,127.9,127.9,,,,127.9,127.9,0.0
53667121,1,26.6,26.6,,,,26.6,26.6,0.0
53672406,1,127.9,127.9,,,,127.9,127.9,0.0
53674446,1,33.0,33.0,,,,33.0,33.0,0.0
53677350,1,48.0,48.0,,,,48.0,48.0,0.0
53682952,1,39.4,39.4,,,,39.4,39.4,0.0
53685056,1,266.4,266.4,,,,266.4,266.4,0.0
53687628,1,67.1,67.1,,,,67.1,67.1,0.0
53691366,1,95.9,95.9,,,,95.9,95.9,0.0
53696921,1,177.6,177.6,,,,177.6,177.6,0.0
53699458,1,94.4,94.4,,,,94.4,94.4,0.0
53705345,1,118.4,118.4,,,,118.4,118.4,0.0
53706183,1,59.2,59.2,,,,59.2,59.2,0.0
53707144,1,59.2,59.2,,,,59.2,59.2,0.0
53708861,1,82.9,82.9,,,,82.9,82.9,0.0
53710872,1,272.3,272.3,,,,272.3,272.3,0.0
53710888,1,65.1,65.1,,,,65.1,65.1,0.0
53712062,1,177.6,177.6,,,,177.6,177.6,0.0
53713676,1,177.6,177.6,,,,177.6,177.6,0.0
53713804,1,130.2,130.2,,,,130.2,130.2,0.0
53714970,1,118.4,118.4,,,,118.4,118.4,0.0
53714980,1,177.6,177.6,,,,177.6,177.6,0.0
53715029,1,177.6,177.6,,,,177.6,177.6,0.0
53715555,1,65.1,65.1,,,,65.1,65.1,0.0
53715683,1,100.6,100.6,,,,100.6,100.6,0.0
53716391,1,177.6,177.6,,,,177.6,177.6,0.0
53716493,1,82.9,82.9,,,,82.9,82.9,0.0
53716866,1,177.6,177.6,,,,177.6,177.6,0.0
53717736,1,118.4,118.4,,,,118.4,118.4,0.0
53718651,1,177.6,177.6,,,,177.6,177.6,0.0
53721247,1,59.2,59.2,,,,59.2,59.2,0.0
53721809,1,260.5,260.5,,,,260.5,260.5,0.0
53722743,1,59.2,59.2,,,,59.2,59.2,0.0
53722744,1,59.2,59.2,,,,59.2,59.2,0.0
53723167,1,59.2,59.2,,,,59.2,59.2,0.0
53725225,1,82.9,82.9,,,,82.9,82.9,0.0
53725967,1,59.2,59.2,,,,59.2,59.2,0.0
53726528,1,355.2,355.2,,,,355.2,355.2,0.0
53727624,1,355.2,355.2,,,,355.2,355.2,0.0
53727775,1,130.2,130.2,,,,130.2,130.2,0.0
53728059,1,355.2,355.2,,,,355.2,355.2,0.0
53728071,1,236.8,236.8,,,,236.8,236.8,0.0
53728297,1,828.8,828.8,,,,828.8,828.8,0.0
53729179,1,71.0,71.0,,,,71.0,71.0,0.0
53729180,1,71.0,71.0,,,,71.0,71.0,0.0
53799748,1,23.7,23.7,,,,23.7,23.7,0.0
53814471,1,80.5,80.5,,,,80.5,80.5,0.0
53816223,1,47.4,47.4,,,,47.4,47.4,0.0
53817071,1,35.5,35.5,,,,35.5,35.5,0.0
53820047,1,41.4,41.4,,,,41.4,41.4,0.0
53821389,1,35.5,35.5,,,,35.5,35.5,0.0
53821469,1,84.1,84.1,,,,84.1,84.1,0.0
53823584,1,35.5,35.5,,,,35.5,35.5,0.0
53823586,1,35.5,35.5,,,,35.5,35.5,0.0
53826004,1,35.5,35.5,,,,35.5,35.5,0.0
53829075,1,35.5,35.5,,,,35.5,35.5,0.0
53829242,1,29.6,29.6,,,,29.6,29.6,0.0
53831848,1,35.5,35.5,,,,35.5,35.5,0.0
53831986,1,60.4,60.4,,,,60.4,60.4,0.0
53832045,1,150.4,150.4,,,,150.4,150.4,0.0
53832935,1,72.2,72.2,,,,72.2,72.2,0.0
53833528,1,60.4,60.4,,,,60.4,60.4,0.0
53834731,1,362.3,362.3,,,,362.3,362.3,0.0
53834883,1,362.3,362.3,,,,362.3,362.3,0.0
53835699,1,41.4,41.4,,,,41.4,41.4,0.0
53835769,1,177.6,177.6,,,,177.6,177.6,0.0
53835788,1,94.7,94.7,,,,94.7,94.7,0.0
53836067,1,59.2,59.2,,,,59.2,59.2,0.0
53836781,1,41.4,41.4,,,,41.4,41.4,0.0
53838227,1,41.4,41.4,,,,41.4,41.4,0.0
53838464,1,296.0,296.0,,,,296.0,296.0,0.0
53840672,1,296.0,296.0,,,,296.0,296.0,0.0
53848080,1,59.2,59.2,,,,59.2,59.2,0.0
53848805,1,59.2,59.2,,,,59.2,59.2,0.0
53848806,1,59.2,59.2,,,,59.2,59.2,0.0
53848811,1,59.2,59.2,,,,59.2,59.2,0.0
53853364,1,201.3,201.3,,,,201.3,201.3,0.0
53853721,1,59.2,59.2,,,,59.2,59.2,0.0
53853777,1,59.2,59.2,,,,59.2,59.2,0.0
53855121,1,201.3,201.3,,,,201.3,201.3,0.0
53855165,1,201.3,201.3,,,,201.3,201.3,0.0
53855171,1,296.0,296.0,,,,296.0,296.0,0.0
53855578,1,41.4,41.4,,,,41.4,41.4,0.0
53856491,1,177.6,177.6,,,,177.6,177.6,0.0
53856614,1,177.6,177.6,,,,177.6,177.6,0.0
53858477,1,296.0,296.0,,,,296.0,296.0,0.0
53859449,1,71.0,71.0,,,,71.0,71.0,0.0
53859508,1,59.2,59.2,,,,59.2,59.2,0.0
53859811,1,59.2,59.2,,,,59.2,59.2,0.0
53859812,1,59.2,59.2,,,,59.2,59.2,0.0
53859828,1,142.1,142.1,,,,142.1,142.1,0.0
53859829,1,142.1,142.1,,,,142.1,142.1,0.0
53860450,1,142.1,142.1,,,,142.1,142.1,0.0
53860488,1,142.1,142.1,,,,142.1,142.1,0.0
53860490,1,142.1,142.1,,,,142.1,142.1,0.0
53860530,1,59.2,59.2,,,,59.2,59.2,0.0
53861120,1,355.2,355.2,,,,355.2,355.2,0.0
53864712,1,35.5,35.5,,,,35.5,35.5,0.0
53869656,1,201.3,201.3,,,,201.3,201.3,0.0
53874568,1,71.0,71.0,,,,71.0,71.0,0.0
53875465,1,41.4,41.4,,,,41.4,41.4,0.0
53879067,1,142.1,142.1,,,,142.1,142.1,0.0
53881584,1,59.2,59.2,,,,59.2,59.2,0.0
53881624,1,296.0,296.0,,,,296.0,296.0,0.0
53883746,1,59.2,59.2,,,,59.2,59.2,0.0
53883758,1,59.2,59.2,,,,59.2,59.2,0.0
53884324,1,817.0,817.0,,,,817.0,817.0,0.0
53885647,1,71.0,71.0,,,,71.0,71.0,0.0
53895810,1,165.8,165.8,,,,165.8,165.8,0.0
53897787,1,47.4,47.4,,,,47.4,47.4,0.0
53917707,1,41.4,41.4,,,,41.4,41.4,0.0
53921012,1,41.4,41.4,,,,41.4,41.4,0.0
53928354,1,296.0,296.0,,,,296.0,296.0,0.0
53928356,1,165.8,165.8,,,,165.8,165.8,0.0
53928357,1,165.8,165.8,,,,165.8,165.8,0.0
53928362,1,177.6,177.6,,,,177.6,177.6,0.0
53931605,1,200.6,200.6,,,,200.6,200.6,0.0
53941082,1,41.4,41.4,,,,41.4,41.4,0.0
53946424,1,23.7,23.7,,,,23.7,23.7,0.0
53966531,1,177.6,177.6,,,,177.6,177.6,0.0
53991650,1,177.8,177.8,,,,177.8,177.8,0.0
53991822,1,94.7,94.7,,,,94.7,94.7,0.0
53994088,1,41.4,41.4,,,,41.4,41.4,0.0
53997747,1,17.8,17.8,,,,17.8,17.8,0.0
53999838,1,177.6,177.6,,,,177.6,177.6,0.0
54000335,1,88.8,88.8,,,,88.8,88.8,0.0
54000358,1,41.4,41.4,,,,41.4,41.4,0.0
54007262,1,41.4,41.4,,,,41.4,41.4,0.0
54008914,1,41.4,41.4,,,,41.4,41.4,0.0
54015932,1,23.7,23.7,,,,23.7,23.7,0.0
54016343,1,23.7,23.7,,,,23.7,23.7,0.0
54016900,1,23.7,23.7,,,,23.7,23.7,0.0
54023907,1,17.8,17.8,,,,17.8,17.8,0.0
54028562,1,23.7,23.7,,,,23.7,23.7,0.0
54034176,1,35.5,35.5,,,,35.5,35.5,0.0
54034252,1,29.6,29.6,,,,29.6,29.6,0.0
54036224,1,71.0,71.0,,,,71.0,71.0,0.0
54045902,1,236.8,236.8,,,,236.8,236.8,0.0
54062472,1,29.6,29.6,,,,29.6,29.6,0.0
54063166,1,165.8,165.8,,,,165.8,165.8,0.0
54063593,1,414.4,414.4,,,,414.4,414.4,0.0
54066047,1,118.4,118.4,,,,118.4,118.4,0.0
54068576,1,177.6,177.6,,,,177.6,177.6,0.0
54070887,1,77.0,77.0,,,,77.0,77.0,0.0
54071642,1,207.2,207.2,,,,207.2,207.2,0.0
54075417,1,23.7,23.7,,,,23.7,23.7,0.0
54081552,1,47.4,47.4,,,,47.4,47.4,0.0
54082891,1,118.4,118.4,,,,118.4,118.4,0.0
54083141,1,947.2,947.2,,,,947.2,947.2,0.0
54084378,1,17.8,17.8,,,,17.8,17.8,0.0
54084790,1,5.9,5.9,,,,5.9,5.9,0.0
54098489,1,17.8,17.8,,,,17.8,17.8,0.0
54099109,1,17.8,17.8,,,,17.8,17.8,0.0
54101695,1,17.8,17.8,,,,17.8,17.8,0.0
54103835,1,349.3,349.3,,,,349.3,349.3,0.0
54105228,1,17.8,17.8,,,,17.8,17.8,0.0
54121433,1,17.8,17.8,,,,17.8,17.8,0.0
54132421,1,29.6,29.6,,,,29.6,29.6,0.0
54134876,1,35.5,35.5,,,,35.5,35.5,0.0
54137289,1,260.5,260.5,,,,260.5,260.5,0.0
54137995,1,2664.0,2664.0,,,,2664.0,2664.0,0.0
54143186,1,35.5,35.5,,,,35.5,35.5,0.0
54145488,1,171.7,171.7,,,,171.7,171.7,0.0
54151616,1,438.1,438.1,,,,438.1,438.1,0.0
54151623,1,438.1,438.1,,,,438.1,438.1,0.0
54151722,1,236.8,236.8,,,,236.8,236.8,0.0
54161048,1,94.7,94.7,,,,94.7,94.7,0.0
54164860,1,17.8,17.8,,,,17.8,17.8,0.0
54173283,1,106.6,106.6,,,,106.6,106.6,0.0
54186234,1,59.2,59.2,,,,59.2,59.2,0.0
54187634,1,592.0,592.0,,,,592.0,592.0,0.0
54192064,1,47.4,47.4,,,,47.4,47.4,0.0
54210583,1,32.6,32.6,,,,32.6,32.6,0.0
54212370,1,55.1,55.1,,,,55.1,55.1,0.0
54219687,1,148.0,148.0,,,,148.0,148.0,0.0
54232531,1,219.0,219.0,,,,219.0,219.0,0.0
54232635,1,219.0,219.0,,,,219.0,219.0,0.0
54238812,1,219.0,219.0,,,,219.0,219.0,0.0
54243551,1,485.4,485.4,,,,485.4,485.4,0.0
54248125,1,1036.0,1036.0,,,,1036.0,1036.0,0.0
54248598,1,59.2,59.2,,,,59.2,59.2,0.0
54282984,1,183.5,183.5,,,,183.5,183.5,0.0
54310467,1,60.4,60.4,,,,60.4,60.4,0.0
54311388,1,47.4,47.4,,,,47.4,47.4,0.0
54316338,1,35.5,35.5,,,,35.5,35.5,0.0
54316693,1,47.4,47.4,,,,47.4,47.4,0.0
54318560,1,23.7,23.7,,,,23.7,23.7,0.0
54325977,1,47.4,47.4,,,,47.4,47.4,0.0
54333672,1,35.5,35.5,,,,35.5,35.5,0.0
54341930,1,60.4,60.4,,,,60.4,60.4,0.0
54348690,1,603.8,603.8,,,,603.8,603.8,0.0
54365356,1,35.5,35.5,,,,35.5,35.5,0.0
54365466,1,35.5,35.5,,,,35.5,35.5,0.0
54365505,1,35.5,35.5,,,,35.5,35.5,0.0
54365725,1,41.4,41.4,,,,41.4,41.4,0.0
54367095,1,23.7,23.7,,,,23.7,23.7,0.0
54371010,1,23.7,23.7,,,,23.7,23.7,0.0
54371340,1,60.4,60.4,,,,60.4,60.4,0.0
54389885,1,60.4,60.4,,,,60.4,60.4,0.0
54394640,1,63.9,63.9,,,,63.9,63.9,0.0
54395144,1,37.9,37.9,,,,37.9,37.9,0.0
54398229,1,53.3,53.3,,,,53.3,53.3,0.0
54400530,1,159.8,159.8,,,,159.8,159.8,0.0
54400534,1,42.6,42.6,,,,42.6,42.6,0.0
54413270,1,159.8,159.8,,,,159.8,159.8,0.0
54417013,1,159.8,159.8,,,,159.8,159.8,0.0
54432606,1,106.6,106.6,,,,106.6,106.6,0.0
54432610,1,181.2,181.2,,,,181.2,181.2,0.0
54432700,1,53.3,53.3,,,,53.3,53.3,0.0
54432701,1,53.3,53.3,,,,53.3,53.3,0.0
54434817,1,373.0,373.0,,,,373.0,373.0,0.0
54442341,1,23.7,23.7,,,,23.7,23.7,0.0
54448595,1,42.6,42.6,,,,42.6,42.6,0.0
54448932,1,85.2,85.2,,,,85.2,85.2,0.0
54457578,1,20.2,20.2,,,,20.2,20.2,0.0
54463527,1,33.7,33.7,,,,33.7,33.7,0.0
54464655,1,67.4,67.4,,,,67.4,67.4,0.0
54464657,1,27.0,27.0,,,,27.0,27.0,0.0
54469829,1,59.2,59.2,,,,59.2,59.2,0.0
54470943,1,142.1,142.1,,,,142.1,142.1,0.0
54470946,1,142.1,142.1,,,,142.1,142.1,0.0
54471239,1,29.6,29.6,,,,29.6,29.6,0.0
54472538,1,130.2,130.2,,,,130.2,130.2,0.0
54474182,1,17.8,17.8,,,,17.8,17.8,0.0
54475593,1,71.0,71.0,,,,71.0,71.0,0.0
54476116,1,142.1,142.1,,,,142.1,142.1,0.0
54476682,1,11.8,11.8,,,,11.8,11.8,0.0
54479232,1,23.7,23.7,,,,23.7,23.7,0.0
54479779,1,142.1,142.1,,,,142.1,142.1,0.0
54484658,1,47.4,47.4,,,,47.4,47.4,0.0
54485592,1,47.4,47.4,,,,47.4,47.4,0.0
54486882,1,41.4,41.4,,,,41.4,41.4,0.0
54490443,1,35.5,35.5,,,,35.5,35.5,0.0
54491760,1,35.5,35.5,,,,35.5,35.5,0.0
54491761,1,35.5,35.5,,,,35.5,35.5,0.0
54491958,1,47.4,47.4,,,,47.4,47.4,0.0
54492143,1,142.1,142.1,,,,142.1,142.1,0.0
54492177,1,142.1,142.1,,,,142.1,142.1,0.0
54493918,1,59.2,59.2,,,,59.2,59.2,0.0
54493926,1,59.2,59.2,,,,59.2,59.2,0.0
54497668,1,59.2,59.2,,,,59.2,59.2,0.0
54498321,1,35.5,35.5,,,,35.5,35.5,0.0
54504379,1,118.4,118.4,,,,118.4,118.4,0.0
54505192,1,65.1,65.1,,,,65.1,65.1,0.0
54505764,1,47.4,47.4,,,,47.4,47.4,0.0
54508091,1,47.4,47.4,,,,47.4,47.4,0.0
54509654,1,41.4,41.4,,,,41.4,41.4,0.0
54513878,1,71.0,71.0,,,,71.0,71.0,0.0
54515278,1,41.4,41.4,,,,41.4,41.4,0.0
54517092,1,59.2,59.2,,,,59.2,59.2,0.0
54517984,1,47.4,47.4,,,,47.4,47.4,0.0
54520169,1,59.2,59.2,,,,59.2,59.2,0.0
54521794,1,177.6,177.6,,,,177.6,177.6,0.0
54526701,1,118.4,118.4,,,,118.4,118.4,0.0
54527905,1,177.6,177.6,,,,177.6,177.6,0.0
54527967,1,47.4,47.4,,,,47.4,47.4,0.0
54527972,1,47.4,47.4,,,,47.4,47.4,0.0
54527974,1,47.4,47.4,,,,47.4,47.4,0.0
54528400,1,35.5,35.5,,,,35.5,35.5,0.0
54528612,1,29.6,29.6,,,,29.6,29.6,0.0
54528712,1,94.7,94.7,,,,94.7,94.7,0.0
54529255,1,59.2,59.2,,,,59.2,59.2,0.0
54530676,1,35.5,35.5,,,,35.5,35.5,0.0
54531561,1,118.4,118.4,,,,118.4,118.4,0.0
54531816,1,236.8,236.8,,,,236.8,236.8,0.0
54532022,1,201.3,201.3,,,,201.3,201.3,0.0
54532256,1,177.6,177.6,,,,177.6,177.6,0.0
54532302,1,177.6,177.6,,,,177.6,177.6,0.0
54532592,1,29.6,29.6,,,,29.6,29.6,0.0
54533387,1,53.3,53.3,,,,53.3,53.3,0.0
54533639,1,53.3,53.3,,,,53.3,53.3,0.0
54533836,1,84.1,84.1,,,,84.1,84.1,0.0
54534848,1,84.1,84.1,,,,84.1,84.1,0.0
54534956,1,84.1,84.1,,,,84.1,84.1,0.0
54537330,1,47.4,47.4,,,,47.4,47.4,0.0
54537570,1,47.4,47.4,,,,47.4,47.4,0.0
54537964,1,72.2,72.2,,,,72.2,72.2,0.0
54538992,1,60.4,60.4,,,,60.4,60.4,0.0
54539423,1,47.4,47.4,,,,47.4,47.4,0.0
54539614,1,84.1,84.1,,,,84.1,84.1,0.0
54546190,1,47.4,47.4,,,,47.4,47.4,0.0
54547853,1,35.5,35.5,,,,35.5,35.5,0.0
54550646,1,71.0,71.0,,,,71.0,71.0,0.0
54552749,1,236.8,236.8,,,,236.8,236.8,0.0
54553339,1,100.6,100.6,,,,100.6,100.6,0.0
54554195,1,35.5,35.5,,,,35.5,35.5,0.0
54555112,1,59.2,59.2,,,,59.2,59.2,0.0
54556263,1,236.8,236.8,,,,236.8,236.8,0.0
54556265,1,414.4,414.4,,,,414.4,414.4,0.0
54557769,1,100.6,100.6,,,,100.6,100.6,0.0
54558057,1,100.6,100.6,,,,100.6,100.6,0.0
54558231,1,100.6,100.6,,,,100.6,100.6,0.0
54558291,1,100.6,100.6,,,,100.6,100.6,0.0
54559216,1,47.4,47.4,,,,47.4,47.4,0.0
54560130,1,47.4,47.4,,,,47.4,47.4,0.0
54560132,1,47.4,47.4,,,,47.4,47.4,0.0
54560231,1,592.0,592.0,,,,592.0,592.0,0.0
54560998,1,47.4,47.4,,,,47.4,47.4,0.0
54561122,1,47.4,47.4,,,,47.4,47.4,0.0
54561934,1,71.0,71.0,,,,71.0,71.0,0.0
54562514,1,59.2,59.2,,,,59.2,59.2,0.0
54564547,1,177.6,177.6,,,,177.6,177.6,0.0
54568794,1,41.4,41.4,,,,41.4,41.4,0.0
54568829,1,47.4,47.4,,,,47.4,47.4,0.0
54568941,1,47.4,47.4,,,,47.4,47.4,0.0
54569407,1,100.6,100.6,,,,100.6,100.6,0.0
54570198,1,29.6,29.6,,,,29.6,29.6,0.0
54570238,1,100.6,100.6,,,,100.6,100.6,0.0
54570295,1,100.6,100.6,,,,100.6,100.6,0.0
54570367,1,100.6,100.6,,,,100.6,100.6,0.0
54572196,1,100.6,100.6,,,,100.6,100.6,0.0
54572283,1,29.6,29.6,,,,29.6,29.6,0.0
54572294,1,71.0,71.0,,,,71.0,71.0,0.0
54572494,1,41.4,41.4,,,,41.4,41.4,0.0
54573754,1,296.0,296.0,,,,296.0,296.0,0.0
54574000,1,35.5,35.5,,,,35.5,35.5,0.0
54574086,1,100.6,100.6,,,,100.6,100.6,0.0
54574618,1,100.6,100.6,,,,100.6,100.6,0.0
54574650,1,59.2,59.2,,,,59.2,59.2,0.0
54575016,1,100.6,100.6,,,,100.6,100.6,0.0
54575137,1,71.0,71.0,,,,71.0,71.0,0.0
54575243,1,100.6,100.6,,,,100.6,100.6,0.0
54575400,1,100.6,100.6,,,,100.6,100.6,0.0
54575452,1,100.6,100.6,,,,100.6,100.6,0.0
54576365,1,47.4,47.4,,,,47.4,47.4,0.0
54576727,1,59.2,59.2,,,,59.2,59.2,0.0
54577046,1,35.5,35.5,,,,35.5,35.5,0.0
54577513,1,100.6,100.6,,,,100.6,100.6,0.0
54578012,1,35.5,35.5,,,,35.5,35.5,0.0
54579565,1,47.4,47.4,,,,47.4,47.4,0.0
54581766,1,59.2,59.2,,,,59.2,59.2,0.0
54581788,1,47.4,47.4,,,,47.4,47.4,0.0
54582169,1,35.5,35.5,,,,35.5,35.5,0.0
54583169,1,71.0,71.0,,,,71.0,71.0,0.0
54583204,1,100.6,100.6,,,,100.6,100.6,0.0
54583967,1,100.6,100.6,,,,100.6,100.6,0.0
54584014,1,100.6,100.6,,,,100.6,100.6,0.0
54584616,1,59.2,59.2,,,,59.2,59.2,0.0
54585046,1,47.4,47.4,,,,47.4,47.4,0.0
54585467,1,41.4,41.4,,,,41.4,41.4,0.0
54586039,1,35.5,35.5,,,,35.5,35.5,0.0
54586067,1,47.4,47.4,,,,47.4,47.4,0.0
54586126,1,47.4,47.4,,,,47.4,47.4,0.0
54586417,1,296.0,296.0,,,,296.0,296.0,0.0
54597784,1,35.5,35.5,,,,35.5,35.5,0.0
54599783,1,35.5,35.5,,,,35.5,35.5,0.0
54604285,1,35.5,35.5,,,,35.5,35.5,0.0
54609541,1,23.7,23.7,,,,23.7,23.7,0.0
54609722,1,35.5,35.5,,,,35.5,35.5,0.0
54611174,1,35.5,35.5,,,,35.5,35.5,0.0
54615871,1,47.4,47.4,,,,47.4,47.4,0.0
54619116,1,35.5,35.5,,,,35.5,35.5,0.0
54620422,1,47.4,47.4,,,,47.4,47.4,0.0
54621049,1,47.4,47.4,,,,47.4,47.4,0.0
54626477,1,225.0,225.0,,,,225.0,225.0,0.0
54626514,1,189.4,189.4,,,,189.4,189.4,0.0
54634804,1,47.4,47.4,,,,47.4,47.4,0.0
54635470,1,35.5,35.5,,,,35.5,35.5,0.0
54642690,1,47.4,47.4,,,,47.4,47.4,0.0
54646082,1,47.4,47.4,,,,47.4,47.4,0.0
54647883,1,47.4,47.4,,,,47.4,47.4,0.0
54648612,1,94.7,94.7,,,,94.7,94.7,0.0
54653248,1,35.5,35.5,,,,35.5,35.5,0.0
54655649,1,47.4,47.4,,,,47.4,47.4,0.0
54659260,1,47.4,47.4,,,,47.4,47.4,0.0
54669756,1,296.0,296.0,,,,296.0,296.0,0.0
54679094,1,47.4,47.4,,,,47.4,47.4,0.0
54684257,1,177.6,177.6,,,,177.6,177.6,0.0
54691624,1,296.0,296.0,,,,296.0,296.0,0.0
54777180,1,532.8,532.8,,,,532.8,532.8,0.0
54777219,1,35.5,35.5,,,,35.5,35.5,0.0
55149341,1,177.6,177.6,,,,177.6,177.6,0.0
55157367,1,35.5,35.5,,,,35.5,35.5,0.0
55161317,1,60.4,60.4,,,,60.4,60.4,0.0
55161386,1,47.4,47.4,,,,47.4,47.4,0.0
55488983,1,33.7,33.7,,,,33.7,33.7,0.0
55491149,1,177.6,177.6,,,,177.6,177.6,0.0
55544010,1,53.3,53.3,,,,53.3,53.3,0.0
55583541,1,177.6,177.6,,,,177.6,177.6,0.0
55588422,1,71.0,71.0,,,,71.0,71.0,0.0
55589293,1,71.0,71.0,,,,71.0,71.0,0.0
55593606,1,236.8,236.8,,,,236.8,236.8,0.0
55828294,1,47.4,47.4,,,,47.4,47.4,0.0
55885461,1,153.9,153.9,,,,153.9,153.9,0.0
55960953,1,35.5,35.5,,,,35.5,35.5,0.0
55960954,1,35.5,35.5,,,,35.5,35.5,0.0
55987890,1,59.2,59.2,,,,59.2,59.2,0.0
55987891,1,59.2,59.2,,,,59.2,59.2,0.0
55987892,1,59.2,59.2,,,,59.2,59.2,0.0
55987893,1,59.2,59.2,,,,59.2,59.2,0.0
56051567,1,60.4,60.4,,,,60.4,60.4,0.0
56093599,1,118.4,118.4,,,,118.4,118.4,0.0
56096089,1,35.5,35.5,,,,35.5,35.5,0.0
56096094,1,35.5,35.5,,,,35.5,35.5,0.0
56096102,1,59.2,59.2,,,,59.2,59.2,0.0
56120344,1,94.7,94.7,,,,94.7,94.7,0.0
56121480,1,30.4,30.4,,,,30.4,30.4,0.0
56121481,1,33.7,33.7,,,,33.7,33.7,0.0
56142206,1,84.1,84.1,,,,84.1,84.1,0.0
56142207,1,84.1,84.1,,,,84.1,84.1,0.0
56142208,1,84.1,84.1,,,,84.1,84.1,0.0
56142209,1,84.1,84.1,,,,84.1,84.1,0.0
56267982,1,201.3,201.3,,,,201.3,201.3,0.0
56269186,1,71.0,71.0,,,,71.0,71.0,0.0
56269534,1,35.5,35.5,,,,35.5,35.5,0.0
56269536,1,35.5,35.5,,,,35.5,35.5,0.0
56269959,1,153.9,153.9,,,,153.9,153.9,0.0
56269960,1,153.9,153.9,,,,153.9,153.9,0.0
56321354,1,118.4,118.4,,,,118.4,118.4,0.0
56321356,1,47.4,47.4,,,,47.4,47.4,0.0
56545219,1,60.4,60.4,,,,60.4,60.4,0.0
56798552,1,296.0,296.0,,,,296.0,296.0,0.0
56800137,1,4139.1,4139.1,,,,4139.1,4139.1,0.0
56919452,1,118.4,118.4,,,,118.4,118.4,0.0
56933442,1,219.0,219.0,,,,219.0,219.0,0.0
56933443,1,219.0,219.0,,,,219.0,219.0,0.0
56933444,1,219.0,219.0,,,,219.0,219.0,0.0
57021566,1,271.1,271.1,,,,271.1,271.1,0.0
57035004,1,2806.1,2806.1,,,,2806.1,2806.1,0.0
57168980,1,33.7,33.7,,,,33.7,33.7,0.0
57168981,1,33.7,33.7,,,,33.7,33.7,0.0
57195021,1,47.4,47.4,,,,47.4,47.4,0.0
57199589,1,177.6,177.6,,,,177.6,177.6,0.0
57220992,1,219.0,219.0,,,,219.0,219.0,0.0
57220993,1,219.0,219.0,,,,219.0,219.0,0.0
57220994,1,219.0,219.0,,,,219.0,219.0,0.0
57220995,1,219.0,219.0,,,,219.0,219.0,0.0
57231205,1,550.6,550.6,,,,550.6,550.6,0.0
57231213,1,307.8,307.8,,,,307.8,307.8,0.0
57231214,1,976.8,976.8,,,,976.8,976.8,0.0
57274845,1,23.7,23.7,,,,23.7,23.7,0.0
57328325,1,59.5,59.5,,,,59.5,59.5,0.0
58198976,1,976.8,976.8,,,,976.8,976.8,0.0
58355946,1,94.7,94.7,,,,94.7,94.7,0.0
58385449,1,532.8,532.8,,,,532.8,532.8,0.0
58397284,1,48.0,48.0,,,,48.0,48.0,0.0
58423332,1,47.4,47.4,,,,47.4,47.4,0.0
58508409,1,118.4,118.4,,,,118.4,118.4,0.0
58649474,1,153.9,153.9,,,,153.9,153.9,0.0
58710791,1,35.5,35.5,,,,35.5,35.5,0.0
58712351,1,177.6,177.6,,,,177.6,177.6,0.0
58717890,1,142.1,142.1,,,,142.1,142.1,0.0
58730036,1,59.2,59.2,,,,59.2,59.2,0.0
58755574,1,59.2,59.2,,,,59.2,59.2,0.0
58755575,1,59.2,59.2,,,,59.2,59.2,0.0
58761312,1,296.0,296.0,,,,296.0,296.0,0.0
58825523,1,59.2,59.2,,,,59.2,59.2,0.0
58825992,1,59.2,59.2,,,,59.2,59.2,0.0
58825995,1,59.2,59.2,,,,59.2,59.2,0.0
58825996,1,59.2,59.2,,,,59.2,59.2,0.0
58925051,1,296.0,296.0,,,,296.0,296.0,0.0
58974428,1,935.4,935.4,,,,935.4,935.4,0.0
58991908,1,1184.0,1184.0,,,,1184.0,1184.0,0.0
59078044,1,2604.8,2604.8,,,,2604.8,2604.8,0.0
59078050,1,3433.6,3433.6,,,,3433.6,3433.6,0.0
59131974,1,59.2,59.2,,,,59.2,59.2,0.0
59131975,1,59.2,59.2,,,,59.2,59.2,0.0
59131976,1,177.6,177.6,,,,177.6,177.6,0.0
59131977,1,177.6,177.6,,,,177.6,177.6,0.0
59131987,1,177.6,177.6,,,,177.6,177.6,0.0
59131988,1,177.6,177.6,,,,177.6,177.6,0.0
59140465,1,532.8,532.8,,,,532.8,532.8,0.0
59140469,1,296.0,296.0,,,,296.0,296.0,0.0
59217624,1,1343.8,1343.8,,,,1343.8,1343.8,0.0
59240210,1,56.2,56.2,,,,56.2,56.2,0.0
59240212,1,56.2,56.2,,,,56.2,56.2,0.0
59240687,1,56.2,56.2,,,,56.2,56.2,0.0
59240688,1,56.2,56.2,,,,56.2,56.2,0.0
59241763,1,56.2,56.2,,,,56.2,56.2,0.0
59241764,1,56.2,56.2,,,,56.2,56.2,0.0
59242297,1,191.2,191.2,,,,191.2,191.2,0.0
59244561,1,270.0,270.0,,,,270.0,270.0,0.0
59249690,1,168.7,168.7,,,,168.7,168.7,0.0
59249691,1,168.7,168.7,,,,168.7,168.7,0.0
59274610,1,976.8,976.8,,,,976.8,976.8,0.0
59382148,1,59.2,59.2,,,,59.2,59.2,0.0
59391659,1,84.1,84.1,,,,84.1,84.1,0.0
59391660,1,84.1,84.1,,,,84.1,84.1,0.0
59545708,1,47.4,47.4,,,,47.4,47.4,0.0
59622865,1,296.0,296.0,,,,296.0,296.0,0.0
59624287,1,236.8,236.8,,,,236.8,236.8,0.0
59746205,1,71.0,71.0,,,,71.0,71.0,0.0
59747247,1,71.0,71.0,,,,71.0,71.0,0.0
59855589,1,618.6,618.6,,,,618.6,618.6,0.0
59862593,1,551.2,551.2,,,,551.2,551.2,0.0
59868871,1,45.0,45.0,,,,45.0,45.0,0.0
59921570,1,48.0,48.0,,,,48.0,48.0,0.0
59928489,1,82.9,82.9,,,,82.9,82.9,0.0
60058714,1,532.8,532.8,,,,532.8,532.8,0.0
60058722,1,296.0,296.0,,,,296.0,296.0,0.0
60058881,1,165.8,165.8,,,,165.8,165.8,0.0
60059053,1,284.2,284.2,,,,284.2,284.2,0.0
60059059,1,177.6,177.6,,,,177.6,177.6,0.0
60059060,1,177.6,177.6,,,,177.6,177.6,0.0
60061114,1,177.6,177.6,,,,177.6,177.6,0.0
60063118,1,355.2,355.2,,,,355.2,355.2,0.0
60075811,1,59.2,59.2,,,,59.2,59.2,0.0
60095678,1,947.2,947.2,,,,947.2,947.2,0.0
60114204,1,94.7,94.7,,,,94.7,94.7,0.0
60117429,1,1136.6,1136.6,,,,1136.6,1136.6,0.0
60119199,1,378.9,378.9,,,,378.9,378.9,0.0
60125605,1,378.9,378.9,,,,378.9,378.9,0.0
60129271,1,35.5,35.5,,,,35.5,35.5,0.0
60132522,1,177.6,177.6,,,,177.6,177.6,0.0
60134631,1,331.5,331.5,,,,331.5,331.5,0.0
60139248,1,165.8,165.8,,,,165.8,165.8,0.0
60139249,1,165.8,165.8,,,,165.8,165.8,0.0
60139447,1,71.0,71.0,,,,71.0,71.0,0.0
60139476,1,71.0,71.0,,,,71.0,71.0,0.0
60139512,1,71.0,71.0,,,,71.0,71.0,0.0
60139521,1,71.0,71.0,,,,71.0,71.0,0.0
60214930,1,296.0,296.0,,,,296.0,296.0,0.0
60218544,1,29.6,29.6,,,,29.6,29.6,0.0
60224930,1,236.8,236.8,,,,236.8,236.8,0.0
60224931,1,355.2,355.2,,,,355.2,355.2,0.0
60224933,1,153.9,153.9,,,,153.9,153.9,0.0
60224934,1,153.9,153.9,,,,153.9,153.9,0.0
60295492,1,59.2,59.2,,,,59.2,59.2,0.0
60410274,1,59.2,59.2,,,,59.2,59.2,0.0
60410436,1,177.6,177.6,,,,177.6,177.6,0.0
60415067,1,71.0,71.0,,,,71.0,71.0,0.0
60415207,1,71.0,71.0,,,,71.0,71.0,0.0
60419487,1,71.0,71.0,,,,71.0,71.0,0.0
60445612,1,3558.6,3558.6,,,,3558.6,3558.6,0.0
60467442,1,177.6,177.6,,,,177.6,177.6,0.0
60492667,1,592.0,592.0,,,,592.0,592.0,0.0
60492911,1,94.7,94.7,,,,94.7,94.7,0.0
60496419,1,532.8,532.8,,,,532.8,532.8,0.0
60496436,1,177.6,177.6,,,,177.6,177.6,0.0
60500078,1,355.2,355.2,,,,355.2,355.2,0.0
60570293,1,88.9,88.9,,,,88.9,88.9,0.0
60805742,1,59.2,59.2,,,,59.2,59.2,0.0
60930689,1,33.2,33.2,,,,33.2,33.2,0.0
60930698,1,574.2,574.2,,,,574.2,574.2,0.0
61038379,1,177.6,177.6,,,,177.6,177.6,0.0
61063287,1,2723.2,2723.2,,,,2723.2,2723.2,0.0
61070966,1,59.2,59.2,,,,59.2,59.2,0.0
61074258,1,355.2,355.2,,,,355.2,355.2,0.0
61076241,1,532.8,532.8,,,,532.8,532.8,0.0
61076248,1,59.2,59.2,,,,59.2,59.2,0.0
61092668,1,296.0,296.0,,,,296.0,296.0,0.0
61139026,1,592.0,592.0,,,,592.0,592.0,0.0
61412856,1,1182.6,1182.6,,,,1182.6,1182.6,0.0
61425451,1,67.4,67.4,,,,67.4,67.4,0.0
61749419,1,45.0,45.0,,,,45.0,45.0,0.0
61749421,1,45.0,45.0,,,,45.0,45.0,0.0
61768055,1,50.6,50.6,,,,50.6,50.6,0.0
61768469,1,50.6,50.6,,,,50.6,50.6,0.0
61769058,1,56.2,56.2,,,,56.2,56.2,0.0
61769059,1,56.2,56.2,,,,56.2,56.2,0.0
61769263,1,56.2,56.2,,,,56.2,56.2,0.0
61769264,1,56.2,56.2,,,,56.2,56.2,0.0
61808559,1,2960.0,2960.0,,,,2960.0,2960.0,0.0
61808600,1,94.7,94.7,,,,94.7,94.7,0.0
61808601,1,142.1,142.1,,,,142.1,142.1,0.0
61808613,1,236.8,236.8,,,,236.8,236.8,0.0
61808614,1,236.8,236.8,,,,236.8,236.8,0.0
61839727,1,236.8,236.8,,,,236.8,236.8,0.0
61845319,1,177.6,177.6,,,,177.6,177.6,0.0
61845408,1,177.6,177.6,,,,177.6,177.6,0.0
61855470,1,35.5,35.5,,,,35.5,35.5,0.0
61866977,1,117.2,117.2,,,,117.2,117.2,0.0
61886697,1,118.4,118.4,,,,118.4,118.4,0.0
61890414,1,35.5,35.5,,,,35.5,35.5,0.0
61890420,1,35.5,35.5,,,,35.5,35.5,0.0
61997837,1,506.2,506.2,,,,506.2,506.2,0.0
62117685,1,2643.3,2643.3,,,,2643.3,2643.3,0.0
62122606,1,59.2,59.2,,,,59.2,59.2,0.0
62122637,1,59.2,59.2,,,,59.2,59.2,0.0
62122641,1,59.2,59.2,,,,59.2,59.2,0.0
62133431,1,177.6,177.6,,,,177.6,177.6,0.0
62146906,1,473.6,473.6,,,,473.6,473.6,0.0
62404844,1,177.6,177.6,,,,177.6,177.6,0.0
62404848,1,177.6,177.6,,,,177.6,177.6,0.0
62404856,1,236.8,236.8,,,,236.8,236.8,0.0
62404893,1,177.6,177.6,,,,177.6,177.6,0.0
62404920,1,177.6,177.6,,,,177.6,177.6,0.0
62404922,1,177.6,177.6,,,,177.6,177.6,0.0
62404925,1,532.8,532.8,,,,532.8,532.8,0.0
62418498,1,177.6,177.6,,,,177.6,177.6,0.0
62465161,1,112.5,112.5,,,,112.5,112.5,0.0
62465163,1,112.5,112.5,,,,112.5,112.5,0.0
62465176,1,71.0,71.0,,,,71.0,71.0,0.0
62465186,1,35.5,35.5,,,,35.5,35.5,0.0
62465243,1,118.4,118.4,,,,118.4,118.4,0.0
62465529,1,167.6,167.6,,,,167.6,167.6,0.0
62467106,1,94.7,94.7,,,,94.7,94.7,0.0
62480986,1,67.4,67.4,,,,67.4,67.4,0.0
62496233,1,71.0,71.0,,,,71.0,71.0,0.0
62496268,1,201.3,201.3,,,,201.3,201.3,0.0
62519614,1,33.7,33.7,,,,33.7,33.7,0.0
62529942,1,1184.0,1184.0,,,,1184.0,1184.0,0.0
62557843,1,83.0,83.0,,,,83.0,83.0,0.0
62648588,1,53.3,53.3,,,,53.3,53.3,0.0
62753472,1,94.7,94.7,,,,94.7,94.7,0.0
62895199,1,296.0,296.0,,,,296.0,296.0,0.0
62989746,1,3670.4,3670.4,,,,3670.4,3670.4,0.0
62990377,1,59.2,59.2,,,,59.2,59.2,0.0
63017018,1,177.6,177.6,,,,177.6,177.6,0.0
63054383,1,59.2,59.2,,,,59.2,59.2,0.0
63054399,1,59.2,59.2,,,,59.2,59.2,0.0
63083244,1,556.5,556.5,,,,556.5,556.5,0.0
63083786,1,35.5,35.5,,,,35.5,35.5,0.0
63117883,1,3552.0,3552.0,,,,3552.0,3552.0,0.0
63117910,1,2723.2,2723.2,,,,2723.2,2723.2,0.0
63125341,1,177.6,177.6,,,,177.6,177.6,0.0
63127200,1,71.0,71.0,,,,71.0,71.0,0.0
63127471,1,2723.2,2723.2,,,,2723.2,2723.2,0.0
63128547,1,947.2,947.2,,,,947.2,947.2,0.0
63130124,1,976.8,976.8,,,,976.8,976.8,0.0
63158119,1,296.0,296.0,,,,296.0,296.0,0.0
63183461,1,94.7,94.7,,,,94.7,94.7,0.0
63207438,1,59.2,59.2,,,,59.2,59.2,0.0
63216298,1,59.2,59.2,,,,59.2,59.2,0.0
63216307,1,592.0,592.0,,,,592.0,592.0,0.0
63233168,1,118.4,118.4,,,,118.4,118.4,0.0
63233175,1,77.0,77.0,,,,77.0,77.0,0.0
63305356,1,3670.4,3670.4,,,,3670.4,3670.4,0.0
63310160,1,532.8,532.8,,,,532.8,532.8,0.0
63310195,1,296.0,296.0,,,,296.0,296.0,0.0
63310198,1,177.6,177.6,,,,177.6,177.6,0.0
63310214,1,177.6,177.6,,,,177.6,177.6,0.0
63310215,1,177.6,177.6,,,,177.6,177.6,0.0
63330283,1,106.7,106.7,,,,106.7,106.7,0.0
63334988,1,284.2,284.2,,,,284.2,284.2,0.0
63350249,1,532.8,532.8,,,,532.8,532.8,0.0
63350253,1,296.0,296.0,,,,296.0,296.0,0.0
63350261,1,177.6,177.6,,,,177.6,177.6,0.0
63350278,1,177.6,177.6,,,,177.6,177.6,0.0
63350279,1,177.6,177.6,,,,177.6,177.6,0.0
63352086,1,59.2,59.2,,,,59.2,59.2,0.0
63353320,1,2723.2,2723.2,,,,2723.2,2723.2,0.0
63710420,1,236.8,236.8,,,,236.8,236.8,0.0
63710432,1,236.8,236.8,,,,236.8,236.8,0.0
64248620,1,59.2,59.2,,,,59.2,59.2,0.0
64248621,1,59.2,59.2,,,,59.2,59.2,0.0
64257751,1,118.4,118.4,,,,118.4,118.4,0.0
64257770,1,94.7,94.7,,,,94.7,94.7,0.0
64257773,1,260.5,260.5,,,,260.5,260.5,0.0
64295768,1,117.4,117.4,,,,117.4,117.4,0.0
64311333,1,59.2,59.2,,,,59.2,59.2,0.0
64336640,1,177.6,177.6,,,,177.6,177.6,0.0
64388412,1,1124.8,1124.8,,,,1124.8,1124.8,0.0
64450819,1,112.5,112.5,,,,112.5,112.5,0.0
64465066,1,53.3,53.3,,,,53.3,53.3,0.0
64465067,1,53.3,53.3,,,,53.3,53.3,0.0
64466458,1,47.4,47.4,,,,47.4,47.4,0.0
64466975,1,296.0,296.0,,,,296.0,296.0,0.0
64470037,1,828.8,828.8,,,,828.8,828.8,0.0
64487421,1,154.1,154.1,,,,154.1,154.1,0.0
64489888,1,236.8,236.8,,,,236.8,236.8,0.0
64498731,1,118.4,118.4,,,,118.4,118.4,0.0
64522689,1,355.2,355.2,,,,355.2,355.2,0.0
64533287,1,899.8,899.8,,,,899.8,899.8,0.0
64538310,1,3552.0,3552.0,,,,3552.0,3552.0,0.0
64546410,1,296.0,296.0,,,,296.0,296.0,0.0
64546413,1,177.6,177.6,,,,177.6,177.6,0.0
64546414,1,177.6,177.6,,,,177.6,177.6,0.0
64546415,1,177.6,177.6,,,,177.6,177.6,0.0
64546416,1,177.6,177.6,,,,177.6,177.6,0.0
64546423,1,177.6,177.6,,,,177.6,177.6,0.0
64546424,1,177.6,177.6,,,,177.6,177.6,0.0
64546429,1,296.0,296.0,,,,296.0,296.0,0.0
64546674,1,284.2,284.2,,,,284.2,284.2,0.0
64578966,1,213.1,213.1,,,,213.1,213.1,0.0
64579006,1,266.4,266.4,,,,266.4,266.4,0.0
64597414,1,177.6,177.6,,,,177.6,177.6,0.0
64620693,1,592.0,592.0,,,,592.0,592.0,0.0
64976668,1,94.7,94.7,,,,94.7,94.7,0.0
64976693,1,236.8,236.8,,,,236.8,236.8,0.0
64976694,1,236.8,236.8,,,,236.8,236.8,0.0
64976735,1,177.6,177.6,,,,177.6,177.6,0.0
65057800,1,177.6,177.6,,,,177.6,177.6,0.0
65057801,1,177.6,177.6,,,,177.6,177.6,0.0
65059226,1,1184.0,1184.0,,,,1184.0,1184.0,0.0
65107242,1,3433.6,3433.6,,,,3433.6,3433.6,0.0
65107262,1,165.8,165.8,,,,165.8,165.8,0.0
65107263,1,165.8,165.8,,,,165.8,165.8,0.0
65107265,1,165.8,165.8,,,,165.8,165.8,0.0
65107270,1,177.6,177.6,,,,177.6,177.6,0.0
65107272,1,177.6,177.6,,,,177.6,177.6,0.0
65132168,1,23.7,23.7,,,,23.7,23.7,0.0
65145093,1,82.9,82.9,,,,82.9,82.9,0.0
65145107,1,592.0,592.0,,,,592.0,592.0,0.0
65176844,1,3552.0,3552.0,,,,3552.0,3552.0,0.0
65196219,1,90.0,90.0,,,,90.0,90.0,0.0
65198433,1,90.0,90.0,,,,90.0,90.0,0.0
65198434,1,90.0,90.0,,,,90.0,90.0,0.0
65200160,1,67.4,67.4,,,,67.4,67.4,0.0
65210861,1,94.7,94.7,,,,94.7,94.7,0.0
65212200,1,159.8,159.8,,,,159.8,159.8,0.0
65221945,1,1184.0,1184.0,,,,1184.0,1184.0,0.0
65250409,1,355.2,355.2,,,,355.2,355.2,0.0
65250411,1,177.6,177.6,,,,177.6,177.6,0.0
65250412,1,177.6,177.6,,,,177.6,177.6,0.0
65250416,1,71.0,71.0,,,,71.0,71.0,0.0
65250418,1,71.0,71.0,,,,71.0,71.0,0.0
65250419,1,236.8,236.8,,,,236.8,236.8,0.0
65257590,1,296.0,296.0,,,,296.0,296.0,0.0
65257625,1,177.6,177.6,,,,177.6,177.6,0.0
65304226,1,59.2,59.2,,,,59.2,59.2,0.0
65309654,1,236.8,236.8,,,,236.8,236.8,0.0
65318665,1,179.9,179.9,,,,179.9,179.9,0.0
65399910,1,41.4,41.4,,,,41.4,41.4,0.0
65399914,1,414.4,414.4,,,,414.4,414.4,0.0
65399917,1,177.6,177.6,,,,177.6,177.6,0.0
65399920,1,177.6,177.6,,,,177.6,177.6,0.0
65399921,1,189.4,189.4,,,,189.4,189.4,0.0
65399927,1,592.0,592.0,,,,592.0,592.0,0.0
65399932,1,296.0,296.0,,,,296.0,296.0,0.0
65399952,1,71.0,71.0,,,,71.0,71.0,0.0
65399958,1,82.9,82.9,,,,82.9,82.9,0.0
65399959,1,71.0,71.0,,,,71.0,71.0,0.0
65399986,1,41.4,41.4,,,,41.4,41.4,0.0
65399999,1,296.0,296.0,,,,296.0,296.0,0.0
65400000,1,473.6,473.6,,,,473.6,473.6,0.0
65402874,1,59.2,59.2,,,,59.2,59.2,0.0
65402876,1,59.2,59.2,,,,59.2,59.2,0.0
65402900,1,59.2,59.2,,,,59.2,59.2,0.0
65402901,1,59.2,59.2,,,,59.2,59.2,0.0
65433218,1,3670.4,3670.4,,,,3670.4,3670.4,0.0
65434798,1,2604.8,2604.8,,,,2604.8,2604.8,0.0
65434800,1,177.6,177.6,,,,177.6,177.6,0.0
65434804,1,177.6,177.6,,,,177.6,177.6,0.0
65434859,1,201.3,201.3,,,,201.3,201.3,0.0
65434861,1,94.7,94.7,,,,94.7,94.7,0.0
65434862,1,94.7,94.7,,,,94.7,94.7,0.0
65434891,1,94.7,94.7,,,,94.7,94.7,0.0
65471012,1,59.2,59.2,,,,59.2,59.2,0.0
65592302,1,47.4,47.4,,,,47.4,47.4,0.0
65592303,1,47.4,47.4,,,,47.4,47.4,0.0
65594694,1,59.2,59.2,,,,59.2,59.2,0.0
65594701,1,59.2,59.2,,,,59.2,59.2,0.0
65594770,1,59.2,59.2,,,,59.2,59.2,0.0
65594835,1,118.4,118.4,,,,118.4,118.4,0.0
65598058,1,295.7,295.7,,,,295.7,295.7,0.0
65598857,1,517.4,517.4,,,,517.4,517.4,0.0
65618407,1,106.6,106.6,,,,106.6,106.6,0.0
65680798,1,296.0,296.0,,,,296.0,296.0,0.0
65680815,1,177.6,177.6,,,,177.6,177.6,0.0
65680817,1,177.6,177.6,,,,177.6,177.6,0.0
65680826,1,177.6,177.6,,,,177.6,177.6,0.0
65680827,1,177.6,177.6,,,,177.6,177.6,0.0
65680832,1,296.0,296.0,,,,296.0,296.0,0.0
65684681,1,59.2,59.2,,,,59.2,59.2,0.0
65735586,1,118.4,118.4,,,,118.4,118.4,0.0
65735600,1,47.4,47.4,,,,47.4,47.4,0.0
65754016,1,284.2,284.2,,,,284.2,284.2,0.0
65774526,1,94.7,94.7,,,,94.7,94.7,0.0
65774551,1,71.0,71.0,,,,71.0,71.0,0.0
65794175,1,296.0,296.0,,,,296.0,296.0,0.0
65861514,1,532.8,532.8,,,,532.8,532.8,0.0
66210039,1,35.5,35.5,,,,35.5,35.5,0.0
66220602,1,177.6,177.6,,,,177.6,177.6,0.0
66220619,1,142.1,142.1,,,,142.1,142.1,0.0
66223739,1,177.6,177.6,,,,177.6,177.6,0.0
66223741,1,47.4,47.4,,,,47.4,47.4,0.0
66223760,1,47.4,47.4,,,,47.4,47.4,0.0
66223812,1,177.6,177.6,,,,177.6,177.6,0.0
66223818,1,177.6,177.6,,,,177.6,177.6,0.0
66387048,1,1184.0,1184.0,,,,1184.0,1184.0,0.0
66395002,1,177.6,177.6,,,,177.6,177.6,0.0
66412411,1,3670.4,3670.4,,,,3670.4,3670.4,0.0
66423845,1,3670.4,3670.4,,,,3670.4,3670.4,0.0
66434287,1,177.6,177.6,,,,177.6,177.6,0.0
66434288,1,177.6,177.6,,,,177.6,177.6,0.0
66448033,1,506.2,506.2,,,,506.2,506.2,0.0
66448274,1,281.2,281.2,,,,281.2,281.2,0.0
66544294,1,281.2,281.2,,,,281.2,281.2,0.0
66548171,1,168.7,168.7,,,,168.7,168.7,0.0
66548315,1,168.7,168.7,,,,168.7,168.7,0.0
66630821,1,281.2,281.2,,,,281.2,281.2,0.0
66699349,1,956.1,956.1,,,,956.1,956.1,0.0
66906976,1,1093.9,1093.9,,,,1093.9,1093.9,0.0
66910398,1,675.7,675.7,,,,675.7,675.7,0.0
66914632,1,168.9,168.9,,,,168.9,168.9,0.0
66920621,1,94.8,94.8,,,,94.8,94.8,0.0
66924279,1,59.1,59.1,,,,59.1,59.1,0.0
