model,fold,train_rows,validation_rows,train_groups,validation_groups,MAE,RMSE,R2,median_AE,target_mean,target_std,prediction_std,n_rows
catboost,1,5965,1989,951,317,108.65006506345935,292.8881070069743,0.7977814600812463,28.096665129787414,292.60251382604326,651.315257520851,449.5256293493257,1989
catboost,2,5965,1989,951,317,79.15449838380006,183.75814332334633,0.888678709748817,28.79405770339578,259.17777777777775,550.7537697837478,445.1713034048631,1989
catboost,3,5966,1988,951,317,89.21276488433891,183.17326991381074,0.9079719596426642,33.549496864781666,276.9516096579477,603.8123772280486,568.8028366883105,1988
catboost,4,5966,1988,951,317,121.33903625531978,388.45358733451945,0.5928282570826583,34.29337039102164,260.63475855130787,608.7659049224657,548.8698642427981,1988
