model_type,feature_variant,config_name,target_mode,feature_count,screen_validation_MAE,screen_validation_RMSE,cv_mean_MAE,cv_std_MAE,cv_mean_RMSE,cv_mean_R2
xgboost,trusted_recommended_features_without_date_offsets_without_oem_number,random_search_011,raw,65,20.42232443231884,48.93165003386733,28.805500606696306,3.97092050636402,79.65192011613885,0.9758666716771606
xgboost,trusted_registry_lifecycle_stack_without_oem_number,random_search_011,raw,39,21.4447963626516,51.342712180402714,29.36482173046363,4.4374476115569745,82.12987141903591,0.9738869710889818
xgboost,trusted_recommended_features_without_date_offsets,random_search_011,raw,66,19.48548813814804,42.80331260150422,30.110023600659513,3.9421957502684086,82.70603274775108,0.9749868879106427
xgboost,trusted_recommended_features,random_search_011,raw,67,20.130043168008648,44.1812019257399,30.199962104261825,3.8735797361363082,83.67980625196543,0.9741656324634174
xgboost,trusted_registry_lifecycle_stack,random_search_011,raw,40,21.212794818957224,47.31393792165269,30.698037022780323,4.110079194547581,85.76761750932518,0.9722425042900766
xgboost,trusted_manual_all_features_usable_by_xgboost,random_search_011,raw,63,21.66207467458035,47.218924104721225,31.240166727193603,4.096476323029973,87.84611058457304,0.9710324252374285
xgboost,trusted_extended_traficom_stack,random_search_011,raw,62,21.511394067541815,46.28204635087601,31.352253547546194,4.3260088237533925,87.1407798471981,0.9712585692811218
xgboost,trusted_recommended_features_without_date_offsets,random_search_009,log,66,21.710487404082137,73.55120109856674,41.53035682324246,4.76922710738692,168.81490370231134,0.9061480065766352
